/*
SQLyog Ultimate v12.09 (64 bit)
MySQL - 10.3.27-MariaDB : Database - cekingxm_data_masyarakat
*********************************************************************
*/

/*!40101 SET NAMES utf8 */;

/*!40101 SET SQL_MODE=''*/;

/*!40014 SET @OLD_UNIQUE_CHECKS=@@UNIQUE_CHECKS, UNIQUE_CHECKS=0 */;
/*!40014 SET @OLD_FOREIGN_KEY_CHECKS=@@FOREIGN_KEY_CHECKS, FOREIGN_KEY_CHECKS=0 */;
/*!40101 SET @OLD_SQL_MODE=@@SQL_MODE, SQL_MODE='NO_AUTO_VALUE_ON_ZERO' */;
/*!40111 SET @OLD_SQL_NOTES=@@SQL_NOTES, SQL_NOTES=0 */;
CREATE DATABASE /*!32312 IF NOT EXISTS*/`cekingxm_data_masyarakat` /*!40100 DEFAULT CHARACTER SET latin1 */;

USE `cekingxm_data_masyarakat`;

/*Table structure for table `dat_keluarga` */

DROP TABLE IF EXISTS `dat_keluarga`;

CREATE TABLE `dat_keluarga` (
  `NO_KK` varchar(255) DEFAULT NULL,
  `NAMA_KEP` varchar(128) DEFAULT NULL,
  `ALAMAT` varchar(160) DEFAULT NULL,
  `NO_RT` int(11) DEFAULT NULL,
  `NO_RW` int(11) DEFAULT NULL,
  `DUSUN` varchar(60) DEFAULT NULL,
  `KODE_POS` int(11) DEFAULT NULL,
  `NO_PROP` int(11) DEFAULT NULL,
  `NO_KAB` int(11) DEFAULT NULL,
  `NO_KEC` int(11) DEFAULT NULL,
  `NO_KEL` int(11) DEFAULT NULL,
  `NIK_KK` varchar(255) DEFAULT NULL
) ENGINE=MyISAM DEFAULT CHARSET=latin1;

/*Data for the table `dat_keluarga` */

insert  into `dat_keluarga`(`NO_KK`,`NAMA_KEP`,`ALAMAT`,`NO_RT`,`NO_RW`,`DUSUN`,`KODE_POS`,`NO_PROP`,`NO_KAB`,`NO_KEC`,`NO_KEL`,`NIK_KK`) values ('5104012305120003','I PUTU SUJANA','BR. PEGAMBANGAN',0,0,'PEGAMBANGAN',80582,51,4,1,2001,'5104010707870001'),('5104012509080008','I WAYAN SARYA','BR. RANGKAN',0,NULL,'RANGKAN',80582,51,4,1,2002,'5104013112660191'),('5104011206090013','NI NYOMAN SUMADI','BR. DANGIN JALAN',0,NULL,'DANGIN JALAN',80582,51,4,1,2003,'5104017112650257'),('5104010207120009','ROBBY ANTER','BR. DLODTANGLUK',0,0,'DLODTANGLUK',80582,51,4,1,2004,'5104010712680003'),('5104012311090176','I KETUT NAYA','BR. CEMENGGAON',0,0,'CEMENGGAON',80582,51,4,1,2005,'5104013112570125'),('5104012406080021','I MADE SUARDIKA ADNYANA','JL.RAYA CELUK GG. SAKURA NO. 33 BR. MUKTI',0,NULL,'MUKTI',80582,51,4,1,2006,'5104010201760001'),('5104011806090075','ANAK AGUNG GEDE ALIT','BR. BUCUAN',0,NULL,'BUCUAN',80582,51,4,1,2007,'5104013112630127'),('5104010804090066',' WINARMI','BR. TENGKULAK KAJA KAUH',0,NULL,'TENGKULAK KAJ A KAUH',80582,51,4,1,2008,'5104014102770003'),('5104011802090002','I MADE MURDIKA','BR. PUSEH',0,NULL,'PUSEH',80582,51,4,1,2009,'5104010512740002'),('5104011205080082','I KETUT SUTER','BR. BELALUAN',0,NULL,'BELALUAN',80582,51,4,1,2010,'5104013112560240'),('5104011007080026','I MADE PEGEG','BR. SILAKARANG',0,NULL,'SILAKARANG',80582,51,4,1,2011,'5104013112440123'),('5104012304080018','I NYOMAN ORBA','BR. DAUHUMA',0,NULL,'DAUHUMA',80582,51,4,1,2012,'5104012010680001'),('5104023003090019','I KETUT SAPTA','BR. SABA',0,NULL,'SABA',80581,51,4,2,2001,'5104023112560184'),('5104022407090015','I MADE SUARNATA','BTN TOJAN PERMAI',0,NULL,'TOJAN KANGINAN',80581,51,4,2,2002,'5104020101600004'),('5104021911090014','I WAYAN SUKRA','BR. PALAK',0,0,'PALAK',80581,51,4,2,2003,'5104023112630232'),('5104021204180003','NI WAYAN RESI','BR. KEBON KELOD',0,NULL,'KEBON KELOD',80581,51,4,2,2004,'5104025212560004'),('5104022910100003','I WAYAN SUDIRA','BR. BABAKAN ',0,0,'BABAKAN',80581,51,4,2,2005,'5104023101640001'),('5104020410190002','IDA BAGUS RESDA DEWANGGA','BR. KETANDAN',0,NULL,'KETANDAN',80581,51,4,2,2006,'5104022904880001'),('5104020807160001','I WAYAN MERTA YASA','BR. TAMAN',0,NULL,'TAMAN',80581,51,4,2,2007,'5104022607820001'),('5104020206090023','I WAYAN RATA','BR. MEDAHAN',0,NULL,'MEDAHAN',80581,51,4,2,2008,'5104020101700006'),('5104022111080004','I KETUT JAPA','BR. DANA',0,NULL,'DANA',80581,51,4,2,2009,'5104023112600234'),('5104031905090086','I WAYAN TAMAN','LINGK. SAMPLANGAN',0,NULL,'SAMPLANGAN',80512,51,4,3,1003,'5104033012540012'),('5104030303160001','AGUS SUPRIYANTO','LINGKUNGAN TEDUNG',0,NULL,'TEDUNG',80515,51,4,3,1005,'5106041505810004'),('5104033107090100','ANAK AGUNG GEDE ANOM ATMADJA','JL. MANGGIS',0,NULL,'CANDI BARU',80511,51,4,3,1006,'5104033112520147'),('5104031409090033','DEWA MADE SADIA','JL. MAHENDRADATA  LINGK. SEMA',0,NULL,'SEMA',80514,51,4,3,1007,'5104032707590001'),('5104030205080015','DEWA MADE ADJANA','LINGK. KAJA KAUH',0,NULL,'KAJA KAUH',80513,51,4,3,1008,'5104031902650001'),('5104031608160002','I WAYAN LANUS','BANJAR PANDE KELOD',0,NULL,'TULIKUP',80581,51,4,3,2001,'5108063112600254'),('5104032502090026','I DEWA GEDE ADNYANA','BR. SIDAN KELOD',0,NULL,'SIDAN KELOD',80551,51,4,3,2002,'5104032505720001'),('5104032610100003','I MADE BUDIARTA','BR. LEBIH BETEN KELOD',0,0,'BETEN KELOD',80551,51,4,3,2004,'5104031407830005'),('5104030412080010','I NYOMAN JAYA','BR. GITGIT',0,NULL,'GITGIT',80551,51,4,3,2009,'5104032907760003'),('5104030206090080','I KETUT ITA','BR. TERUNA',0,NULL,'TERUNA',80551,51,4,3,2010,'5104030412640001'),('5104031003090027','NGAKAN MADE SUKADA','BR. TRIWANGSA',0,NULL,'TRIWANGSA',80551,51,4,3,2011,'5104031506670002'),('5104031405090002','I KOMANG MUDITA','BR. BENAWAH KANGIN',0,NULL,'BENAWAH KANGIN',80551,51,4,3,2012,'5104031903730001'),('5104030309090015','GEDE EKA SURYATMAJA','BR. CEBAANG',0,NULL,'CEBAANG',80515,51,4,3,2013,'5104032110610001'),('5104031605130001','I NYOMAN PASEK RUDIANA','BR. PADPADAN',0,0,'PETAK KAJA',80551,51,4,3,2014,'5104035503800003'),('5104031507090179','ANAK AGUNG ISTRI RAKA','BR. PETELUAN',0,NULL,'PETELUAN',80551,51,4,3,2015,'5104037112560114'),('5104030707080004','I WAYAN SUDIARTAWAN','BR. SIIH',0,NULL,'SIIH',80551,51,4,3,2016,'5104030505700001'),('5104032608100011','I DEWA KETUT ALIT DHARMAWAN','JL.RATNA NO.43 BR.TRIWANGSA',0,0,'TRIWANGSA',80551,51,4,3,2017,'5104031808720005'),('5104041701110003','I PUTU AGUS WIRAWAN','BR. PANDE',0,0,'PANDE',80552,51,4,4,2001,'5104041108800001'),('5104042008140001','I KETUT SUJANA YASA,S.S','BR. SANDING GIANYAR',0,0,'',80552,51,4,4,2002,'5104040909870002'),('5104040405110004','I WAYAN SUWENA','BR. BUKIT',0,0,'BUKIT',80552,51,4,4,2003,'5104041202720002'),('5104042104090036','I MADE POLIAWAN','BR. MALET',0,NULL,'MALET',80552,51,4,4,2004,'5104040803750002'),('5104041311080007','I KETUT SUARSANA','BR. DUKUH KAWAN',0,NULL,'DUKUH KAWAN',80552,51,4,4,2005,'5104040906730006'),('5104041505090028','ANAK AGUNG ANOM SUBUDI','BR. UBUD',0,NULL,'UBUD',80552,51,4,4,2006,'5104040508570001'),('5104042606090008','NGAKAN NYOMAN OKA','BR. PENGEMBUNGAN',0,NULL,'PENGEMBUNGAN',80552,51,4,4,2007,'5104041005700003'),('5104041607090021','GUSTI KETUT BRATA','BR. BITRA',0,NULL,'BITRA',80552,51,4,4,2008,'5104042507720001'),('5104051411080002','IDA BAGUS OKA MANOBHAWA','LINGK. PADANGTEGAL TENGAH',0,NULL,'PADANGTEGAL TENGAH',80571,51,4,5,1005,'5104050709820002'),('5104050404160001','I MADE PURNA','BR. MAWANG KELOD',0,0,'',80571,51,4,5,2001,'5104053112750071'),('5104050412120002','I DEWA PUTU MUSTIKA','BR. PENGOSEKAN KAJA',0,NULL,'PENGOSEKAN KAJA',80571,51,4,5,2002,'5104051605780003'),('5104050401100123','DESAK MADE SUKERNI','BR. DAUH LABAK ',0,0,'DAUH LABAK',80571,51,4,5,2003,'5104051206700005'),('5104050206170001','I KADEK RIYADI','BR. LUNGSIAKAN',0,0,'LUNGSIAKAN',80571,51,4,5,2004,'5104052612850001'),('5104050608080013','I WAYAN SUPARTHA','BR. KALAH',0,NULL,'KALAH',80571,51,4,5,2006,'5104053112650009'),('5104051611090123','I KETUT SUTA','BR. PETULU GUNUNG',0,0,'PETULU GUNUNG',80571,51,4,5,2007,'5104050107730090'),('5104051412090096','I MADE RAWA','BR. MAS',0,0,'MAS',80571,51,4,5,2008,'5104050107420081'),('5104062707090045','GUSTI PUTU GIRI','BR. TRIWANGSA SEBALI',0,NULL,'TRIWANGSA SEBALI',80561,51,4,6,2001,'5104063112550105'),('5104060712150002','I WAYAN SUKRAWAN','BR. SAPAT',0,0,'',80561,51,4,6,2002,'5104063003910002'),('5104061305080020','I WAYAN WIDIA ASRAMA','BR. DLODBLUNGBANG',0,NULL,'DLODBLUNGBANG',80561,51,4,6,2003,'5104061806820003'),('5104060904080001','I MADE PASEK','BR. KEBON',0,NULL,'KEBON',80561,51,4,6,2004,'5104062402710003'),('5104060806090069','I WAYAN WIDIA','BR. TIMBUL',0,NULL,'TIMBUL',80561,51,4,6,2005,'5104063112620079'),('5104060203090003','I NENGAH MERTA','BR. PUJUNG KAJA',0,NULL,'PUJUNG KAJA',80561,51,4,6,2006,'5104061904680001'),('5104061103150001','I WAYAN SUARGINATA','BR. TARO KAJA',0,0,'',80561,51,4,6,2007,'5104062409910001'),('5104072704090069','ANAK AGUNG GEDE PUTRA WICAKSANA','BR. BADUNG',0,NULL,'BADUNG',80572,51,4,7,2001,'5104073112610038'),('5104071805090078','I MADE SUARDIKA','BR. PELIATAN',0,NULL,'PELIATAN',80572,51,4,7,2002,'5104073112780035'),('5104070211090142','I KETUT DARMA','BR. TANGKUP ',0,0,'TANGKUP ',80572,51,4,7,2003,'5104072607660001'),('5104071207180003','I KOCONG GEDE JUMENA','BR. SEMAON',0,NULL,'SEMAON',80572,51,4,7,2004,'5104070504910003'),('5104072506090001','I WAYAN DUIANTARA','BR. JAANG',0,NULL,'JAANG',80572,51,4,7,2005,'5104072006730001'),('5104070408080008','I MADE RENES','BR. MARGA TENGAH',0,NULL,'MARGA TENGAH',80572,51,4,7,2006,'5104070107590011'),('5104072911100018','I MADE KARTANA','BR. BAYAD',0,0,'BAYAD',80572,51,4,7,2007,'5104070507720002'),('5104070608080039','I MADE ARSANAYASA','BR. TENGIPIS',0,NULL,'TENGIPIS',80572,51,4,7,2008,'5104070608670001'),('5104073003110003','I WAYAN LANUS','BR. BRESELA',0,0,'BRESELA',80572,51,4,7,2009,'5104070103780002');

/*Table structure for table `dat_masyarakat` */

DROP TABLE IF EXISTS `dat_masyarakat`;

CREATE TABLE `dat_masyarakat` (
  `NIK` varchar(255) DEFAULT NULL,
  `NAMA_LGKP` longtext DEFAULT NULL,
  `JENIS_KLMIN` double DEFAULT NULL,
  `TMPT_LHR` longtext DEFAULT NULL,
  `TGL_LHR` datetime DEFAULT NULL,
  `GOL_DRH` double DEFAULT NULL,
  `AGAMA` varchar(60) DEFAULT NULL,
  `STAT_KWN` double DEFAULT NULL,
  `STAT_HBKEL` double DEFAULT NULL,
  `KLAIN_FSK` double DEFAULT NULL,
  `PNYDNG_CCT` varchar(40) DEFAULT NULL,
  `PDDK_AKH` double DEFAULT NULL,
  `JENIS_PKRJN` double DEFAULT NULL,
  `NIK_IBU` varchar(255) DEFAULT NULL,
  `NAMA_LGKP_IBU` longtext DEFAULT NULL,
  `NIK_AYAH` varchar(255) DEFAULT NULL,
  `NAMA_LGKP_AYAH` longtext DEFAULT NULL,
  `NO_KK` varchar(255) DEFAULT NULL,
  `NO_PROP` double DEFAULT NULL,
  `NO_KAB` double DEFAULT NULL,
  `NO_KEC` double DEFAULT NULL,
  `NO_KEL` double DEFAULT NULL,
  `NIK_EKTP` varchar(255) DEFAULT NULL,
  `NO_KK_EKTP` varchar(255) DEFAULT NULL,
  `NAMA_LGKP_EKTP` varchar(120) DEFAULT NULL,
  `JENIS_KLMIN_EKTP` varchar(100) DEFAULT NULL,
  `TMPT_LHR_EKTP` varchar(128) DEFAULT NULL,
  `TGL_LHR_EKTP` datetime DEFAULT NULL,
  `STAT_HBKEL_EKTP` double DEFAULT NULL,
  `PDDK_AKH_EKTP` double DEFAULT NULL,
  `JENIS_PKRJN_EKTP` varchar(100) DEFAULT NULL,
  `NAMA_LGKP_IBU_EKTP` varchar(60) DEFAULT NULL,
  `NAMA_LGKP_AYAH_EKTP` varchar(60) DEFAULT NULL,
  `NO_PROP_EKTP` double DEFAULT NULL,
  `NO_KAB_EKTP` double DEFAULT NULL,
  `NO_KEC_EKTP` double DEFAULT NULL,
  `NO_KEL_EKTP` double DEFAULT NULL,
  `NAMA_PROP_EKTP` varchar(60) DEFAULT NULL,
  `NAMA_KAB_EKTP` varchar(60) DEFAULT NULL,
  `NAMA_KEC_EKTP` varchar(60) DEFAULT NULL,
  `NAMA_KEL_EKTP` varchar(60) DEFAULT NULL
) ENGINE=MyISAM DEFAULT CHARSET=latin1;

/*Data for the table `dat_masyarakat` */

insert  into `dat_masyarakat`(`NIK`,`NAMA_LGKP`,`JENIS_KLMIN`,`TMPT_LHR`,`TGL_LHR`,`GOL_DRH`,`AGAMA`,`STAT_KWN`,`STAT_HBKEL`,`KLAIN_FSK`,`PNYDNG_CCT`,`PDDK_AKH`,`JENIS_PKRJN`,`NIK_IBU`,`NAMA_LGKP_IBU`,`NIK_AYAH`,`NAMA_LGKP_AYAH`,`NO_KK`,`NO_PROP`,`NO_KAB`,`NO_KEC`,`NO_KEL`,`NIK_EKTP`,`NO_KK_EKTP`,`NAMA_LGKP_EKTP`,`JENIS_KLMIN_EKTP`,`TMPT_LHR_EKTP`,`TGL_LHR_EKTP`,`STAT_HBKEL_EKTP`,`PDDK_AKH_EKTP`,`JENIS_PKRJN_EKTP`,`NAMA_LGKP_IBU_EKTP`,`NAMA_LGKP_AYAH_EKTP`,`NO_PROP_EKTP`,`NO_KAB_EKTP`,`NO_KEC_EKTP`,`NO_KEL_EKTP`,`NAMA_PROP_EKTP`,`NAMA_KAB_EKTP`,`NAMA_KEC_EKTP`,`NAMA_KEL_EKTP`) values ('5104054107400135','NI MADE RUTIT',2,'GIANYAR','1940-07-01 00:00:00',13,'4',2,3,1,'',3,8,'','NI NYOMAN RETEG','','-','5104051412090096',51,4,5,2008,'5104054107400135','5104051412090096','NI MADE RUTIT','PEREMPUAN','GIANYAR','1940-07-01 00:00:00',3,3,'PERDAGANGAN','NI NYOMAN RETEG','-',51,4,5,2008,'BALI','GIANYAR','UBUD','SAYAN'),('5108067112620250','NI KETUT SUDANI',2,'GIANYAR','1962-12-31 00:00:00',13,'4',2,3,1,'',1,2,'','NI WAYAN SIMPEN','','I WAYAN NYENTIL','5104031608160002',51,4,3,2001,'5108067112620250','5104031608160002','NI KETUT SUDANI','PEREMPUAN','GIANYAR','1962-12-31 00:00:00',3,1,'MENGURUS RUMAH TANGGA','NI WAYAN SIMPEN','I WAYAN NYENTIL',51,4,3,2001,'BALI','GIANYAR','GIANYAR','TULIKUP'),('5104014409930002','NI KETUT SUDIANTARI',2,'KETEWEL','1993-09-04 00:00:00',13,'4',2,5,1,'',5,15,'','NI WAYAN PURNI','','I WAYA KONCI','5104012509080008',51,4,1,2002,'5104014409930002','5104012509080008','NI KETUT SUDIANTARI','PEREMPUAN','KETEWEL','1993-09-04 00:00:00',5,5,'KARYAWAN SWASTA','NI WAYAN PURNI','I WAYA KONCI',51,4,1,2002,'BALI','GIANYAR','SUKAWATI','KETEWEL'),('5104066905770001','NI WAYAN MULYANI',2,'GIANYAR','1977-05-29 00:00:00',13,'4',2,3,1,'',5,88,'0','NI NYOMAN SITA','0','I WAYAN DARMAWAN','5104060203090003',51,4,6,2006,'5104066905770001','5104060203090003','NI WAYAN MULYANI','PEREMPUAN','TEGALLALANG','1977-05-29 00:00:00',3,5,'WIRASWASTA','NI NYOMAN SITA','I WAYAN DARMAWAN',51,4,6,2006,'BALI','GIANYAR','TEGALLALANG','SEBATU'),('5104032701970007','DEWA PUTU WIDNYANA',1,'GIANYAR','1997-01-27 00:00:00',2,'4',1,4,NULL,'',4,3,'5104036410740001','IDA AYU PUTU PUSPAYANTI','5104031902650001','DEWA MADE ADJANA','5104030205080015',51,4,3,1008,'5104032701970007','5104030205080015','DEWA PUTU WIDNYANA','LAKI-LAKI','GIANYAR','1997-01-27 00:00:00',4,4,'PELAJAR/MAHASISWA','IDA AYU PUTU PUSPAYANTI','DEWA MADE ADJANA',51,4,3,1008,'BALI','GIANYAR','GIANYAR','BENG'),('5104072607660001','I KETUT DARMA',1,'GIANYAR','1966-07-26 00:00:00',13,'4',2,1,1,'',5,88,'','NI MADE PELUNG ','','I MADE BLEDEH ','5104070211090142',51,4,7,2003,'5104072607660001','5104070211090142','I KETUT DARMA','LAKI-LAKI','GIANYAR','1966-07-26 00:00:00',1,5,'WIRASWASTA','NI MADE PELUNG','I MADE BLEDEH',51,4,7,2003,'BALI','GIANYAR','PAYANGAN','BUKIAN'),('5104047112640033','ANAK AGUNG OKA ERAWATI',2,'GIANYAR','1964-12-31 00:00:00',13,'4',2,3,NULL,'',5,2,'0','ANAK AGUNG NGURAH','5104046','ANAK AGUNG GEDE RIJEK','5104041505090028',51,4,4,2006,'5104047112640033','5104041505090028','ANAK AGUNG OKA ERAWATI','PEREMPUAN','GIANYAR','1964-12-31 00:00:00',3,5,'MENGURUS RUMAH TANGGA','ANAK AGUNG NGURAH','ANAK AGUNG GEDE RIJEK',51,4,4,2006,'BALI','GIANYAR','TAMPAKSIRING','PEJENG KAJA'),('5104075107720001','NI WAYAN SENIATI',2,'GIANYAR','1972-07-11 00:00:00',13,'4',2,3,1,'',5,15,'','NI MADE SAJI','','I NYOMAN RAREM','5104072911100018',51,4,7,2007,'5104075107720001','5104072911100018','NI WAYAN SENIATI','PEREMPUAN','GIANYAR','1972-07-11 00:00:00',3,5,'KARYAWAN SWASTA','NI MADE SAJI','I NYOMAN KAREM',51,4,7,2007,'BALI','GIANYAR','PAYANGAN','MELINGGIH KELOD'),('5104034112840003','NI KADEK SURYANI',2,'GIANYAR','1984-12-01 00:00:00',13,'4',2,3,1,'',5,2,'','DESAK PUTU RAKA','','I MADE YOGA','5104032610100003',51,4,3,2004,'5104034112840003','5104032610100003','NI KADEK SURYANI','PEREMPUAN','GIANYAR','1984-12-01 00:00:00',3,5,'MENGURUS RUMAH TANGGA','DESAK PUTU RAKA','I MADE YOGA',51,4,3,2004,'BALI','GIANYAR','GIANYAR','LEBIH'),('5104074503810001','NI WAYAN ASIH',2,'GIANYAR','1981-03-05 00:00:00',13,'4',2,3,1,'',4,2,'','NI MADE TAMBUN','','I WAYAN DADI','5104073003110003',51,4,7,2009,'5104074503810001','5104073003110003','NI WAYAN ASIH','PEREMPUAN','GIANYAR','1981-03-05 00:00:00',3,4,'MENGURUS RUMAH TANGGA','NI MADE TAMBUN','I WAYAN DADI',51,4,7,2009,'BALI','GIANYAR','PAYANGAN','BRESELA'),('5104036403820002','NI PUTU SRI WIDIANI',2,'DENPASAR','1982-03-24 00:00:00',4,'4',2,5,1,'',8,15,'','NI PUTU SRI DANI','','I WAYAN WINDI','5104031507090179',51,4,3,2015,'5104036403820002','5104031507090179','NI PUTU SRI WIDIANI, SH','PEREMPUAN','DENPASAR','1982-03-24 00:00:00',5,8,'KARYAWAN SWASTA','NI PUTU SRI DANI','I WAYAN WINDI',51,4,3,2015,'BALI','GIANYAR','GIANYAR','TEMESI'),('5104065001010001','NI KADEK TALYA ARISWANDEWI',2,'PUJUNG KAJA','2001-01-10 00:00:00',13,'4',1,4,1,'',5,3,'5104066905770001','NI WAYAN MULYANI','5104061904680001','I NENGAH MERTA','5104060203090003',51,4,6,2006,'5104065001010001','5104060203090003','NI KADEK TALYA ARISWANDEWI','PEREMPUAN','GIANYAR','2001-01-10 00:00:00',4,5,'PELAJAR/MAHASISWA','NI WAYAN MULYANI','I NENGAH MERTA',51,4,6,2006,'BALI','GIANYAR','TEGALLALANG','SEBATU'),('5104044911950003','ANAK AGUNG PUTRI DIARI',2,'GIANYAR','1995-11-09 00:00:00',13,'4',1,4,1,'',8,74,'5104047112640033','ANAK AGUNG OKA ERAWATI','5104046','ANAK AGUNG ANOM SUBUDI','5104041505090028',51,4,4,2006,'5104044911950003','5104041505090028','ANAK AGUNG PUTRI DIARI','PEREMPUAN','GIANYAR','1995-11-09 00:00:00',4,8,'PERAWAT','ANAK AGUNG OKA ERAWATI','ANAK AGUNG ANOM SUBUDI',51,4,4,2006,'BALI','GIANYAR','TAMPAKSIRING','PEJENG KAJA'),('5104031902650001','DEWA MADE ADJANA',1,'GIANYAR','1965-02-19 00:00:00',2,'4',2,1,NULL,'',5,15,'0','JRO KETUT MENTOG','0','DEWA MADE OKA','5104030205080015',51,4,3,1008,'5104031902650001','5104030205080015','DEWA MADE ADJANA','LAKI-LAKI','GIANYAR','1965-02-19 00:00:00',1,5,'KARYAWAN SWASTA','JRO KETUT MENTOG','DEWA MADE OKA',51,4,3,1008,'BALI','GIANYAR','GIANYAR','BENG'),('5104015307800003','NI WAYAN KARIANI',2,'GIANYAR','1980-07-13 00:00:00',13,'4',2,3,NULL,'',5,2,'0','NI MADE KARMIN','0','I WAYAN REMPON','5104011802090002',51,4,1,2009,'5104015307800003','5104011802090002','NI WAYAN KARIANI','PEREMPUAN','GIANYAR','1980-07-13 00:00:00',3,5,'MENGURUS RUMAH TANGGA','NI MADE KARMIN','I WAYAN REMPON',51,4,1,2009,'BALI','GIANYAR','SUKAWATI','BATUBULAN KANGIN'),('5106041505810004','AGUS SUPRIYANTO',1,'BOJONEGORO','1981-05-15 00:00:00',2,'1',2,1,1,'',5,7,'','WARTINI ','','SIRUN ','5104030303160001',51,4,3,1005,'5106041505810004','5104030303160001','AGUS SUPRIYANTO','LAKI-LAKI','BOJONEGORO','1981-05-15 00:00:00',1,5,'KEPOLISIAN RI (POLRI)','WARTINI ','SIRUN ',51,4,3,1005,'BALI','GIANYAR','GIANYAR','ABIANBASE'),('5104050709820002','IDA BAGUS OKA MANOBHAWA',1,'DENPASAR','1982-09-07 00:00:00',4,'4',2,1,1,'',8,18,'5104056712570001','LUH GIRI SWATI','5104052512550001','IDA BAGUS SUARDHANA DIPA','5104051411080002',51,4,5,1005,'5104050709820002','5104051411080002','IDA BAGUS OKA MANOBHAWA, S.Pd.B','LAKI-LAKI','DENPASAR','1982-09-07 00:00:00',1,8,'KARYAWAN HONORER','LUH GIRI SWATI','IDA BAGUS SUARDHANA DIPA',51,4,5,1005,'BALI','GIANYAR','UBUD','UBUD'),('5104067112800051','GUSTI AYU ANOM MANIK',2,'GIANYAR','1980-12-31 00:00:00',13,'4',2,4,1,'',4,88,'5104067112570067','GUSTI LUH OKA RUNTING','5104063112550105','GUSTI PUTU GIRI','5104062707090045',51,4,6,2001,'5104067112800051','5104062707090045','GUSTI AYU ANOM MANIK','PEREMPUAN','GIANYAR','1980-12-31 00:00:00',4,4,'WIRASWASTA','GUSTI LUH OKA RUNTING','GUSTI PUTU GIRI',51,4,6,2001,'BALI','GIANYAR','TEGALLALANG','KELIKI'),('5104031506670002','NGAKAN MADE SUKADA',1,'GIANYAR','1967-06-15 00:00:00',13,'4',2,1,NULL,'',5,15,'0','DESAK PUTU KAMPIH','0','NGAKAN MADE SENGKIG','5104031003090027',51,4,3,2011,'5104031506670002','5104031003090027','NGAKAN MADE SUKADA','LAKI-LAKI','GIANYAR','1967-06-15 00:00:00',1,5,'KARYAWAN SWASTA','DESAK PUTU KAMPIH','NGAKAN MADE SENGKIG',51,4,3,2011,'BALI','GIANYAR','GIANYAR','SUWAT'),('5104023101640001','I WAYAN SUDIRA',1,'GIANYAR','1964-01-31 00:00:00',13,'4',2,1,NULL,'',3,19,'5104024107450055','NI MADE KEPLEK','5104023101640001','I WAYAN TONIK','5104022910100003',51,4,2,2005,'5104023101640001','5104022910100003','I WAYAN SUDIRA','LAKI-LAKI','GIANYAR','1964-01-31 00:00:00',1,3,'BURUH HARIAN LEPAS','NI MADE KEPLEK','I WAYAN TONIK',51,4,2,2005,'BALI','GIANYAR','BLAHBATUH','BLAHBATUH'),('5104046102870001','NI PUTU SRI SURYANINGSIH',2,'BAU-BAU','1987-02-21 00:00:00',13,'4',2,3,1,'',8,15,'5104047112600059','ALNI','5104043112610027','I NYOMAN SUBRATA','5104061103150001',51,4,6,2007,'5104046102870001','5104061103150001','NI PUTU SRI SURYANINGSIH','PEREMPUAN','BAU-BAU','1987-02-21 00:00:00',3,8,'KARYAWAN SWASTA','ALNI','I NYOMAN SUBRATA',51,4,6,2007,'BALI','GIANYAR','TEGALLALANG','TARO'),('5104035512840004','DESAK NYOMAN MERTA',2,'GIANYAR','1984-12-15 00:00:00',13,'4',2,5,1,'',5,15,'5104035312620003','DESAK NYOMAN SARI','5104031312540003','DEWA PUTU GEDE','5104031608160002',51,4,3,2001,'5104035512840004','5104031608160002','DESAK NYOMAN MERTA','PEREMPUAN','GIANYAR','1984-12-15 00:00:00',4,5,'KARYAWAN SWASTA','DESAK NYOMAN SARI','DEWA PUTU GEDE',51,4,3,2001,'BALI','GIANYAR','GIANYAR','TULIKUP'),('5104041505880001','ANAK AGUNG PUTRA DIANA',1,'GIANYAR','1988-05-15 00:00:00',13,'4',2,4,1,'',6,15,'5104047112640033','ANAK AGUNG OKA ERAWATI','5104046','ANAK AGUNG ANOM SUBUDI','5104041505090028',51,4,4,2006,'5104041505880001','5104041505090028','ANAK AGUNG PUTRA DIANA','LAKI-LAKI','GIANYAR','1988-05-15 00:00:00',4,6,'KARYAWAN SWASTA','ANAK AGUNG OKA ERAWATI','ANAK AGUNG ANOM SUBUDI',51,4,4,2006,'BALI','GIANYAR','TAMPAKSIRING','PEJENG KAJA'),('5104036410740001','IDA AYU PUTU PUSPAYANTI',2,'GIANYAR','1974-10-24 00:00:00',2,'4',2,3,NULL,'',5,84,'0','IDA AYU PUTU GRIA','0','IDA BAGUS MADE MERTA','5104030205080015',51,4,3,1008,'5104036410740001','5104030205080015','IDA AYU PUTU PUSPAYANTI','PEREMPUAN','GIANYAR','1974-10-24 00:00:00',3,5,'PEDAGANG','IDA AYU PUTU GRIA','IDA BAGUS MADE MERTA',51,4,3,1008,'BALI','GIANYAR','GIANYAR','BENG'),('5104023112630232','I WAYAN SUKRA',1,'GIANYAR','1963-12-31 00:00:00',13,'4',2,1,1,'',3,19,'0','NI KETUT MENING','0','I WAYAN LANUS','5104021911090014',51,4,2,2003,'5104023112630232','5104021911090014','I WAYAN SUKRA','LAKI-LAKI','GIANYAR','1963-12-31 00:00:00',1,3,'BURUH HARIAN LEPAS','NI KETUT MENING','I WAYAN LANUS',51,4,2,2003,'BALI','GIANYAR','BLAHBATUH','KERAMAS'),('5104046112820001','NI WAYAN WIDIARI',2,'GIANYAR','1982-12-21 00:00:00',13,'4',2,3,NULL,'',5,15,'0','NI MADE PARNI','5104046','I MADE RATA','5104041311080007',51,4,4,2005,'5104046112820001','5104041311080007','NI WAYAN WIDIARI','PEREMPUAN','GIANYAR','1982-12-21 00:00:00',3,5,'KARYAWAN SWASTA','NI MADE PARNI','I MADE RATA',51,4,4,2005,'BALI','GIANYAR','TAMPAKSIRING','PEJENG KAWAN'),('5104070608670001','I MADE ARSANAYASA',1,'BUAHAN','1967-08-06 00:00:00',2,'4',2,1,1,'',5,9,'0','NI WAYAN KREMPEG','0','I MADE GAYAL','5104070608080039',51,4,7,2008,'5104070608670001','5104070608080039','I MADE ARSANAYASA','LAKI-LAKI','BUAHAN','1967-08-06 00:00:00',1,5,'PETANI/PEKEBUN','NI WAYAN KREMPEG','I MADE GAYAL',51,4,7,2008,'BALI','GIANYAR','PAYANGAN','BUAHAN KAJA'),('5104010307990005','IDA BAGUS RAMA DWIPAYANA',1,'GIANYAR','1999-07-03 00:00:00',13,'4',1,4,1,'',4,3,'5104014102770003',' WINARMI','','IDA BAGUS PARTA','5104010804090066',51,4,1,2008,'5104010307990005','5104010804090066','IDA BAGUS RAMA DWIPAYANA','LAKI-LAKI','GIANYAR','1999-07-03 00:00:00',4,4,'PELAJAR/MAHASISWA','WINARMI','IDA BAGUS PARTA',51,4,1,2008,'BALI','GIANYAR','SUKAWATI','KEMENUH'),('5104041202720002','I WAYAN SUWENA',1,'TAMPAKSIRING','1972-02-12 00:00:00',13,'4',2,1,1,'',5,15,'','NI WAYAN RENING','','I MADE GOSONG','5104040405110004',51,4,4,2003,'5104041202720002','5104040405110004','I WAYAN SUWENA','LAKI-LAKI','TAMPAKSIRING','1972-02-12 00:00:00',1,5,'KARYAWAN SWASTA','NI WAYAN RENING','I MADE GOSONG',51,4,4,2003,'BALI','GIANYAR','TAMPAKSIRING','TAMPAKSIRING'),('5104051212000001','I KADEK AGUS SUARNATHA',1,'GIANYAR','2000-12-12 00:00:00',2,'4',1,4,NULL,'',2,3,'5104056404690001','NI KADEK SUARMI','5104053112650009','I WAYAN SUPARTHA','5104050608080013',51,4,5,2006,'5104051212000001','5104050608080013','I KADEK AGUS SUARNATHA','LAKI-LAKI','GIANYAR','2000-12-12 00:00:00',4,2,'PELAJAR/MAHASISWA','NI KADEK SUARMI','I WAYAN SUPARTHA',51,4,5,2006,'BALI','GIANYAR','UBUD','PELIATAN'),('5104040805870001','I KETUT SUJANA YASA,S.S',1,'SANDING','1987-09-09 00:00:00',1,'4',2,1,1,'',8,15,'','NI KETUT MERTA','5104046','I MADE BUNTIK','5104042008140001',51,4,4,2002,'5104040805870001','5104042008140001','I KETUT SUJANA YASA,S.S','LAKI-LAKI','SANDING','1987-09-09 00:00:00',1,8,'KARYAWAN SWASTA','NI KETUT MERTA','I MADE BUNTIK',51,4,4,2002,'BALI','GIANYAR','TAMPAKSIRING','SANDING'),('5104036702780001','NI WAYAN NURIATI',2,'GIANYAR','1978-02-27 00:00:00',13,'4',2,3,1,'',5,2,'0','NI MADE KROSOK','0','I WAYAN SUWECA','5104030412080010',51,4,3,2009,'5104036702780001','5104030412080010','NI WAYAN NURIATI','PEREMPUAN','GIANYAR','1978-02-27 00:00:00',3,5,'WIRASWASTA','NI MADE KROSOK','I WAYAN SUWECA',51,4,3,2009,'BALI','GIANYAR','GIANYAR','BAKBAKAN'),('5104031407830005','I MADE BUDIARTA',1,'GIANYAR','1983-07-14 00:00:00',13,'4',2,1,1,'',5,15,'','NI MADE RANU','','I NYOMAN SANGGRI','5104032610100003',51,4,3,2004,'5104031407830005','5104032610100003','I MADE BUDIARTA','LAKI-LAKI','GIANYAR','1983-07-14 00:00:00',1,5,'KARYAWAN SWASTA','NI MADE RANU','I NYOMAN SANGGRI',51,4,3,2004,'BALI','GIANYAR','GIANYAR','LEBIH'),('5104027112560159','NI KETUT SUARNI',2,'GIANYAR','1956-12-31 00:00:00',4,'4',2,3,NULL,'',8,5,'0','NI KETUT KASNI','0','I MADE GABELERAN ','5104023003090019',51,4,2,2001,'5104027112560159','5104023003090019','NI KETUT SUARNI','PEREMPUAN','GIANYAR','1956-12-31 00:00:00',3,8,'PEGAWAI NEGERI SIPIL (PNS)','NI KETUT KASNI','I MADE GABELERAN',51,4,2,2001,'BALI','GIANYAR','BLAHBATUH','SABA'),('5104026604870002','NS. NI KADEK ARMINI',2,'KERAMAS','1987-04-26 00:00:00',13,'4',2,5,1,'',8,15,'','NI NYOMAN LADRI ','','I NYOMAN WARTA','5104022407090015',51,4,2,2002,'5104026604870002','5104022407090015','NS. NI KADEK ARMINI. S. Kep.','PEREMPUAN','KERAMAS','1987-04-26 00:00:00',5,8,'KARYAWAN SWASTA','NI NYOMAN LADRI','I MADE SUARNATA',51,4,2,2002,'BALI','GIANYAR','BLAHBATUH','PERING'),('5104014107380106','NI MADE GATI',2,'GIANYAR','1938-07-01 00:00:00',4,'4',2,7,NULL,'',3,9,'0','ALMARHUM','0','WAYAN REDUNG','5104012304080018',51,4,1,2012,'5104014107380106','5104012304080018','NI MADE GATI','PEREMPUAN','GIANYAR','1938-07-01 00:00:00',7,3,'PETANI/PEKEBUN','ALMARHUM','WAYAN REDUNG',51,4,1,2012,'BALI','GIANYAR','SUKAWATI','BATUAN KALER'),('5104030808790009','I NYOMAN PASEK RUDIANA',1,'GIANYAR','1979-08-08 00:00:00',13,'4',2,1,1,'',5,19,'','NI NYOMAN MADRI','','I NYOMAN SEGARA','5104031605130001',51,4,3,2014,'5104030808790009','5104031605130001','I NYOMAN PASEK RUDIANA','LAKI-LAKI','GIANYAR','1979-08-08 00:00:00',1,5,'BURUH HARIAN LEPAS','NI NYOMAN MADRI','I NYOMAN SEGARA',51,4,3,2014,'BALI','GIANYAR','GIANYAR','PETAK KAJA'),('3276025708860014','DEWA AYU PUTRI AGUSTINI',2,'JAKARTA','1986-08-17 00:00:00',13,'4',2,3,1,'',7,5,'3276027103670004','SUMINARNI','3276020101610025','I DEWA MADE PUJAWAN','5104050412120002',51,4,5,2002,'3276025708860014','5104050412120002','DEWA AYU PUTRI AGUSTINI, S.S','PEREMPUAN','JAKARTA','1986-08-17 00:00:00',3,7,'PEGAWAI NEGERI SIPIL (PNS)','SUMINARNI','I DEWA MADE PUJAWAN',51,4,5,2002,'BALI','GIANYAR','UBUD','MAS'),('5104032002020003','I GEDE PASEK MUDITA',1,'GIANYAR','2002-02-20 00:00:00',13,'4',1,4,1,'',4,3,'5104035503800003','NI MADE SERINTEN','5104031408750003','I NYOMAN PASEK RUDIANA','5104031605130001',51,4,3,2014,'5104032002020003','5104031605130001','I GEDE PASEK MUDITA','LAKI-LAKI','GIANYAR','2002-02-20 00:00:00',4,4,'PELAJAR/MAHASISWA','NI MADE SERINTEN','I NYOMAN PASEK RUDIANA',51,4,3,2014,'BALI','GIANYAR','GIANYAR','PETAK KAJA'),('5104032505720001','I DEWA GEDE ADNYANA',1,'KENDRAN','1972-05-25 00:00:00',13,'4',2,1,1,'',5,15,'0','JRO KETUT SITA','0','I DEWA KETUT GEDE','5104032502090026',51,4,3,2002,'5104032505720001','5104032502090026','I DEWA GEDE ADNYANA','LAKI-LAKI','KENDRAN','1972-05-25 00:00:00',1,5,'KARYAWAN SWASTA','JRO KETUT SITA','I DEWA KETUT GEDE',51,4,3,2002,'BALI','GIANYAR','GIANYAR','SIDAN'),('5104027112740080','NI KETUT SEKAR',2,'KERAMAS','1974-12-31 00:00:00',13,'4',2,3,NULL,'',5,19,'0','NI WAYAN KAMAR','0','GURU SUKAMA','5104020206090023',51,4,2,2008,'5104027112740080','5104020206090023','NI KETUT SEKAR','PEREMPUAN','KERAMAS','1974-12-31 00:00:00',3,5,'BURUH HARIAN LEPAS','NI WAYAN KAMAR','GURU SUKAMA',51,4,2,2008,'BALI','GIANYAR','BLAHBATUH','MEDAHAN'),('5104063003910002','I WAYAN SUKRAWAN',1,'GIANYAR','1991-03-30 00:00:00',13,'4',2,1,1,'',3,15,'5104067112700124','NI MADE SUGI','5104063112680044','I WAYAN PRIKSA','5104060712150002',51,4,6,2002,'5104063003910002','5104060712150002','I WAYAN SUKRAWAN','LAKI-LAKI','GIANYAR','1991-03-30 00:00:00',1,3,'KARYAWAN SWASTA','NI MADE SUGI','I WAYAN PRIKSA',51,4,6,2002,'BALI','GIANYAR','TEGALLALANG','TEGALLALANG'),('5104040803750002','I MADE POLIAWAN',1,'MANUKAYA','1975-03-08 00:00:00',13,'4',2,1,NULL,'',4,88,'0','NI MADE TINGGI','5104046','ALM','5104042104090036',51,4,4,2004,'5104040803750002','5104042104090036','I MADE POLIAWAN','LAKI-LAKI','MANUKAYA','1975-03-08 00:00:00',1,4,'WIRASWASTA','NI MADE TINGGI','ALM',51,4,4,2004,'BALI','GIANYAR','TAMPAKSIRING','MANUKAYA'),('5104010201760001','I MADE SUARDIKA ADNYANA',1,'MENGANI','1976-01-02 00:00:00',3,'4',2,1,NULL,'',8,67,'0','NI MADE SURITA','0','I MADE REDANG','5104012406080021',51,4,1,2006,'5104010201760001','5104012406080021','I MADE SUARDIKA ADNYANA, SH.','LAKI-LAKI','MENGANI','1976-01-02 00:00:00',1,8,'PENGACARA','NI MADE SURITA','I MADE REDANG',51,4,1,2006,'BALI','GIANYAR','SUKAWATI','SINGAPADU'),('5104050107420081','I MADE RAWA',1,'GIANYAR','1942-07-01 00:00:00',13,'4',2,1,1,'',4,9,'','NI WAYAN LIANG','','-','5104051412090096',51,4,5,2008,'5104050107420081','5104051412090096','I MADE RAWA','LAKI-LAKI','GIANYAR','1942-07-01 00:00:00',1,4,'PETANI/PEKEBUN','NI WAYAN LIANG','-',51,4,5,2008,'BALI','GIANYAR','UBUD','SAYAN'),('5104060111820001','I WAYAN BAWA',1,'PUPUAN','1982-11-01 00:00:00',13,'4',2,4,NULL,'',6,15,'5104067112640055','NI NYOMAN SAJA','5104063112620079','I WAYAN WIDIA','5104060806090069',51,4,6,2005,'5104060111820001','5104060806090069','I WAYAN BAWA','LAKI-LAKI','PUPUAN','1982-11-01 00:00:00',4,6,'KARYAWAN SWASTA','NI NYOMAN SAJA','I WAYAN WIDIA',51,4,6,2005,'BALI','GIANYAR','TEGALLALANG','PUPUAN'),('5104017112600208','NI KETUT GANTI',2,'GIANYAR','1960-12-31 00:00:00',4,'4',2,3,1,'',3,88,'','NI WAYAN MONGKROG','','I WAYAN KARUNG','5104012311090176',51,4,1,2005,'5104017112600208','5104012311090176','NI KETUT GANTI','PEREMPUAN','GIANYAR','1960-12-31 00:00:00',3,3,'WIRASWASTA','NI WAYAN MONGKROG','I WAYAN KARUNG',51,4,1,2005,'BALI','GIANYAR','SUKAWATI','CELUK'),('5104033112520147','ANAK AGUNG GEDE ANOM ATMADJA',1,'GIANYAR','1952-12-31 00:00:00',4,'4',2,1,1,'',8,5,'0','JRO PATRA','0','ANAK AGUNG GDE AGUNG','5104033107090100',51,4,3,1006,'5104033112520147','5104033107090100','ANAK AGUNG GEDE ANOM ATMADJA','LAKI-LAKI','GIANYAR','1952-12-31 00:00:00',1,8,'PEGAWAI NEGERI SIPIL (PNS)','JRO PATRA','ANAK AGUNG GDE AGUNG',51,4,3,1006,'BALI','GIANYAR','GIANYAR','GIANYAR'),('5104037112700042','NI WAYAN YASNI',2,'GIANYAR','1970-12-31 00:00:00',13,'4',1,9,NULL,'',3,88,'0','NI LUH NITA ','0','I WAYAN TAGEN','5104031405090002',51,4,3,2012,'5104037112700042','5104031405090002','NI WAYAN YASNI','PEREMPUAN','GIANYAR','1970-12-31 00:00:00',9,3,'WIRASWASTA','NI LUH NITA','I WAYAN TAGEN',51,4,3,2012,'BALI','GIANYAR','GIANYAR','PETAK'),('5104016811880001','NI KOMANG SUTRINI',2,'BATUBULAN','1988-11-28 00:00:00',13,'4',2,3,NULL,'',5,88,'0','NI NYOMAN RAI SUARNI','0','I WAYAN SUDA','5104012305120003',51,4,1,2001,'5104016811880001','5104012305120003','NI KOMANG SUTRINI','PEREMPUAN','BATUBULAN','1988-11-28 00:00:00',3,5,'WIRASWASTA','NI NYOMAN RAI SUARNI','I WAYAN SUDA',51,4,1,2001,'BALI','GIANYAR','SUKAWATI','BATUBULAN'),('5104027112660131','NI NYOMAN SULANDRINI',2,'KLUNGKUNG','1966-12-31 00:00:00',13,'4',2,3,NULL,'',3,2,'0','NI WAYAN SANDAT','0','I NYOMAN AGET','5104022111080004',51,4,2,2009,'5104027112660131','5104022111080004','NI NYOMAN SULANDRINI','PEREMPUAN','KLUNGKUNG','1966-12-31 00:00:00',3,3,'MENGURUS RUMAH TANGGA','NI WAYAN SANDAT','I NYOMAN AGET',51,4,2,2009,'BALI','GIANYAR','BLAHBATUH','BONA'),('5104065211990003','NI WAYAN MELI ANTARI',2,'GIANYAR','1999-11-12 00:00:00',13,'4',1,4,1,'',5,3,'5104066606810001','NI MADE SUKARINI','5104062402710003','I MADE PASEK','5104060904080001',51,4,6,2004,'5104065211990003','5104060904080001','NI WAYAN MELI ANTARI','PEREMPUAN','GIANYAR','1999-11-12 00:00:00',4,5,'PELAJAR/MAHASISWA','NI MADE SUKARINI','I MADE PASEK',51,4,6,2004,'BALI','GIANYAR','TEGALLALANG','KEDISAN'),('5104035811960002','I DEWA AYU OKA DAMAYANTHI',2,'GIANYAR','1996-11-18 00:00:00',7,'4',1,4,1,'',4,3,'5104035807690002','I DEWA AYU ADRINI','5104032505720001','I DEWA GEDE ADNYANA','5104032502090026',51,4,3,2002,'5104035811960002','5104032502090026','I DEWA AYU OKA DAMAYANTHI','PEREMPUAN','GIANYAR','1996-11-18 00:00:00',4,4,'PELAJAR/MAHASISWA','I DEWA AYU ADRINI','I DEWA GEDE ADNYANA',51,4,3,2002,'BALI','GIANYAR','GIANYAR','SIDAN'),('5104012505020001','I PUTU NADYANTARA',1,'DENPASAR','2002-05-25 00:00:00',4,'4',1,6,1,'',4,3,'5104016904780002','NI KETUT SUKERTI','5104010406720001','I MADE BIJA ARDANA','5104011007080026',51,4,1,2011,'5104012505020001','5104011007080026','I PUTU NADYANTARA','LAKI-LAKI','DENPASAR','2002-05-25 00:00:00',6,4,'PELAJAR/MAHASISWA','NI KETUT SUKERTI','I MADE BIJA ARDANA',51,4,1,2011,'BALI','GIANYAR','SUKAWATI','SINGAPADU KALER'),('5104012211870004','I KETUT ADI SUMARSA',1,'GIANYAR','1987-11-22 00:00:00',13,'4',2,5,NULL,'',5,88,'5104017112580192','NI KETUT SUDIANI','5104013112570166','I WAYAN MARSANA','5104011206090013',51,4,1,2003,'5104012211870004','5104011206090013','I KETUT ADI SUMARSA','LAKI-LAKI','GIANYAR','1987-11-22 00:00:00',5,5,'WIRASWASTA','NI KETUT SUDIANI','I WAYAN MARSANA',51,4,1,2003,'BALI','GIANYAR','SUKAWATI','GUWANG'),('5104046308810002','NI KETUT PUSPAWATI',2,'GIANYAR','1981-08-23 00:00:00',13,'4',2,3,NULL,'',5,2,'0','NI NYOMAN LINGGIH','5104046','I KETUT SEWAN','5104041701110003',51,4,4,2001,'5104046308810002','5104041701110003','NI KETUT PUSPAWATI','PEREMPUAN','GIANYAR','1981-08-23 00:00:00',3,5,'MENGURUS RUMAH TANGGA','NI NYOMAN LINGGIH','I KETUT SEWAN',51,4,4,2001,'BALI','GIANYAR','TAMPAKSIRING','PEJENG'),('5104044606740005','NI NYOMAN SUARNI',2,'GIANYAR','1974-06-06 00:00:00',4,'4',2,3,1,'',5,88,'0','NI MADE LILIR','5104046','I MADE PRAYA','5104041607090021',51,4,4,2008,'5104044606740005','5104041607090021','NI NYOMAN SUARNI','PEREMPUAN','GIANYAR','1974-06-06 00:00:00',3,5,'WIRASWASTA','NI MADE LILIR','I MADE PRAYA',51,4,4,2008,'BALI','GIANYAR','TAMPAKSIRING','PEJENG KELOD'),('5104077008980001','NI WAYAN ENY PERATIWI',2,'BR. JAANG','1998-08-30 00:00:00',13,'4',1,4,NULL,'',5,3,'5104077112740025','NI KADEK MARTINI','5104072006730001','I WAYAN DUIANTARA','5104072506090001',51,4,7,2005,'5104077008980001','5104072506090001','NI WAYAN ENY PERATIWI','PEREMPUAN','BR. JAANG','1998-08-30 00:00:00',4,5,'PELAJAR/MAHASISWA','NI KADEK MARTINI','I WAYAN DUIANTARA',51,4,7,2005,'BALI','GIANYAR','PAYANGAN','BUAHAN'),('5101025507890004','NI MADE YULI ENDRAWATI',2,'MENDOYO DAUH TUKAD','1989-07-15 00:00:00',2,'4',2,5,1,'',5,2,'5101025303630001','NI KETUT TAYU','5101021612540002','I KETUT NENTRA','5104011806090075',51,4,1,2007,'5101025507890004','5104011806090075','NI MADE YULI ENDRAWATI','PEREMPUAN','MENDOYO DAUH TUKAD','1989-07-15 00:00:00',5,5,'MENGURUS RUMAH TANGGA','NI KETUT TAYU','I KETUT NENTRA',51,4,1,2007,'BALI','GIANYAR','SUKAWATI','BATUAN'),('5104032009820002','I KETUT BUDIYASA',1,'GIANYAR','1982-09-20 00:00:00',13,'4',2,4,1,'',5,19,'5104037012560003','NI WAYAN PERASI','5104033012540012','I WAYAN TAMAN','5104031905090086',51,4,3,1003,'5104032009820002','5104031905090086','I KETUT BUDIYASA','LAKI-LAKI','GIANYAR','1982-09-20 00:00:00',4,5,'BURUH HARIAN LEPAS','NI WAYAN PERASI','I WAYAN TAMAN',51,4,3,1003,'BALI','GIANYAR','GIANYAR','SAMPLANGAN'),('5104070304790001','I MADE LASIA',1,'GIANYAR','1979-04-03 00:00:00',13,'4',1,9,1,'',3,9,'','NI NYOMAN SAPERUG','','I KETUT NGAMBET','5104073003110003',51,4,7,2009,'5104070304790001','5104073003110003','I MADE LASIA','LAKI-LAKI','GIANYAR','1979-04-03 00:00:00',9,3,'PETANI/PEKEBUN','NI NYOMAN SAPERUG','I KETUT NGAMBET',51,4,7,2009,'BALI','GIANYAR','PAYANGAN','BRESELA'),('5104037112560114','ANAK AGUNG ISTRI RAKA',2,'GIANYAR','1956-12-31 00:00:00',13,'4',4,1,NULL,'',8,5,'0','ANAK AGUNG RAI','0','ANAK AGUNG GDE OKA','5104031507090179',51,4,3,2015,'5104037112560114','5104031507090179','ANAK AGUNG ISTRI RAKA','PEREMPUAN','GIANYAR','1956-12-31 00:00:00',1,8,'PEGAWAI NEGERI SIPIL (PNS)','ANAK AGUNG RAI','ANAK AGUNG GDE OKA',51,4,3,2015,'BALI','GIANYAR','GIANYAR','TEMESI'),('5104074107630018','NI WAYAN CANGKIR',2,'BR. MARGA TENGAH','1963-07-01 00:00:00',13,'4',2,3,NULL,'',3,9,'0','NI SANGKOL','0','I SARNA','5104070408080008',51,4,7,2006,'5104074107630018','5104070408080008','NI WAYAN CANGKIR','PEREMPUAN','BR. MARGA TENGAH','1963-07-01 00:00:00',3,3,'PETANI/PEKEBUN','NI SANGKOL','I SARNA',51,4,7,2006,'BALI','GIANYAR','PAYANGAN','KERTA'),('5104067112430072','NI MADE KENDIL',2,'GIANYAR','1943-12-31 00:00:00',13,'4',4,11,NULL,'',3,9,'0','NI MADE MUNA','0','I WAYAN WERA','5104061305080020',51,4,6,2003,'5104067112430072','5104061305080020','NI MADE KENDIL','PEREMPUAN','GIANYAR','1943-12-31 00:00:00',11,3,'PETANI/PEKEBUN','NI MADE MUNA','I WAYAN WERA',51,4,6,2003,'BALI','GIANYAR','TEGALLALANG','KENDERAN'),('5103026812860004','NI PUTU TIRTA SARI',2,'KAPAL','1986-12-28 00:00:00',13,'4',2,3,1,'',8,15,'5103027112640358','NI WAYAN DANIA','5103023112610297','I NYOMAN SUDIRTA','5104020807160001',51,4,2,2007,'5103026812860004','5104020807160001','NI PUTU TIRTA SARI, S.Pd.','PEREMPUAN','KAPAL','1986-12-28 00:00:00',3,8,'KARYAWAN SWASTA','NI WAYAN DANIA','I NYOMAN SUDIRTA',51,4,2,2007,'BALI','GIANYAR','BLAHBATUH','BEDULU'),('5104051306000004','DEWA KOMANG GEDE TIRTA',1,'DAUH LABAK','2000-06-13 00:00:00',13,'4',1,4,1,'',5,15,'5104056003720002','DESAK MADE SUKERNI','5104051206700005','DEWA KETUT PRIADI','5104050401100123',51,4,5,2003,'5104051306000004','5104050401100123','DEWA KOMANG TIRTA','LAKI-LAKI','GIANYAR','2000-06-13 00:00:00',4,2,'PELAJAR/MAHASISWA','DESAK MADE SUKERNI','DEWA KETUT PRIADI',51,4,5,2003,'BALI','GIANYAR','UBUD','SINGAKERTA'),('5104070407910001','I PUTU GEDE MAHENDRA',1,'BR. TANGKUP','1992-07-04 15:00:00',4,'4',1,4,1,'',5,15,'5104077112680089','DESAK MADE SUMA','5104072607660001','I KETUT DARMA','5104070211090142',51,4,7,2003,'5104070407910001','5104070211090142','I PUTU GEDE MAHENDRA','LAKI-LAKI','GIANYAR','1991-07-04 00:00:00',4,8,'PELAJAR/MAHASISWA','DESAK MADE SUMA','I KETUT DARMA',51,4,7,2003,'BALI','GIANYAR','PAYANGAN','BUKIAN'),('5104041108800001','I PUTU AGUS WIRAWAN',1,'GIANYAR','1980-08-11 00:00:00',13,'4',2,1,NULL,'',5,88,'5104044107600157','NI LUH SUCI','5104046','I MADE SUDARTA','5104041701110003',51,4,4,2001,'5104041108800001','5104041701110003','I PUTU AGUS WIRAWAN','LAKI-LAKI','GIANYAR','1980-08-11 00:00:00',1,5,'WIRASWASTA','NI LUH SUCI','I MADE SUDARTA',51,4,4,2001,'BALI','GIANYAR','TAMPAKSIRING','PEJENG'),('5104042702020002','NGAKAN KETUT RAI DARMA',1,'GIANYAR','2002-02-27 00:00:00',13,'4',1,4,1,'',4,3,'5104047012700004','NI MADE NATARINI','5104041005700003','NGAKAN NYOMAN OKA','5104042606090008',51,4,4,2007,'5104042702020002','5104042606090008','NGAKAN KETUT RAI DARMA','LAKI-LAKI','GIANYAR','2002-02-27 00:00:00',4,4,'PELAJAR/MAHASISWA','NI MADE NATARINI','NGAKAN NYOMAN OKA',51,4,4,2007,'BALI','GIANYAR','TAMPAKSIRING','PEJENG KANGIN'),('5104076501640001','NI KETUT ARDANI',2,'BULELENG','1964-01-25 00:00:00',2,'4',2,3,NULL,'',5,15,'0','NI KETUT SUCI','0','I NENGAH SWECA (ALM)','5104072704090069',51,4,7,2001,'5104076501640001','5104072704090069','NI KETUT ARDANI','PEREMPUAN','BULELENG','1964-01-25 00:00:00',3,5,'KARYAWAN SWASTA','NI KETUT SUCI','I NENGAH SWECA (ALM)',51,4,7,2001,'BALI','GIANYAR','PAYANGAN','MELINGGIH'),('5104034805000001','NI LUH MADE PRIMA',2,'GIANYAR','2000-05-08 00:00:00',13,'4',1,4,1,'',5,3,'5104035205740001','NI WAYAN SUPARMI','5104030505700001','I WAYAN SUDIARTAWAN','5104030707080004',51,4,3,2016,'5104034805000001','5104030707080004','NI LUH MADE PRIMA','PEREMPUAN','GIANYAR','2000-05-08 00:00:00',4,2,'PELAJAR/MAHASISWA','NI WAYAN SUPARMI','I WAYAN SUDIARTAWAN',51,4,3,2016,'BALI','GIANYAR','GIANYAR','SUMITA'),('5104061904680001','I NENGAH MERTA',1,'KARANGASEM','1968-04-19 00:00:00',13,'4',2,1,1,'',5,6,'0','NI KETUT SARI','0','I WAYAN NGEMBON','5104060203090003',51,4,6,2006,'5104061904680001','5104060203090003','I NENGAH MERTA','LAKI-LAKI','KARANGASEM','1968-04-19 00:00:00',1,5,'TENTARA NASIONAL INDONESIA (TNI)','NI KETUT SARI','I WAYAN NGEMBON',51,4,6,2006,'BALI','GIANYAR','TEGALLALANG','SEBATU'),('5104064405870004','NI WAYAN MARIATI',2,'MANUABA','1987-05-04 00:00:00',13,'4',2,3,1,'',4,2,'0','NI NYOMAN SRINATA','0','I MADE TIMUR','5104061305080020',51,4,6,2003,'5104064405870004','5104061305080020','NI WAYAN MARIATI','PEREMPUAN','MANUABA','1987-05-04 00:00:00',3,4,'MENGURUS RUMAH TANGGA','NI NYOMAN SRINATA','I MADE TIMUR',51,4,6,2003,'BALI','GIANYAR','TEGALLALANG','KENDERAN'),('5104050107730090','I KETUT SUTA',1,'PETULU GUNUNG','1973-07-01 00:00:00',13,'4',2,1,1,'',5,88,'','NI WAYAN LEPER','','I KETUT KERUBUT','5104051611090123',51,4,5,2007,'5104050107730090','5104051611090123','I KETUT SUTA','LAKI-LAKI','PETULU GUNUNG','1973-07-01 00:00:00',1,5,'INDUSTRI','NI WAYAN LEPER','I KERUBUN',51,4,5,2007,'BALI','GIANYAR','UBUD','PETULU'),('5104047012700004','NI MADE NATARINI',2,'GIANYAR','1970-12-30 00:00:00',13,'4',2,3,NULL,'',3,2,'0','NI WAYAN CENIK','5104046','I MADE KANTOR','5104042606090008',51,4,4,2007,'5104047012700004','5104042606090008','NI MADE NATARINI','PEREMPUAN','GIANYAR','1970-12-30 00:00:00',3,3,'MENGURUS RUMAH TANGGA','NI WAYAN CENIK','I MADE KANTOR',51,4,4,2007,'BALI','GIANYAR','TAMPAKSIRING','PEJENG KANGIN'),('5104015608750003','NI WAYAN PENIATI',2,'GIANYAR','1975-08-16 00:00:00',13,'4',3,4,1,'',4,19,'5104017112530199','NI NYOMAN  RASMEN','5104013112560240','I KETUT SUTER','5104011205080082',51,4,1,2010,'5104015608750003','5104011205080082','NI WAYAN PENIATI','PEREMPUAN','GIANYAR','1975-08-16 00:00:00',4,4,'BURUH HARIAN LEPAS','NI NYOMAN  RASMEN','I KETUT SUTER',51,4,1,2010,'BALI','GIANYAR','SUKAWATI','SINGAPADU TENGAH'),('5104032907760003','I NYOMAN JAYA',1,'GIANYAR','1976-07-29 00:00:00',13,'4',2,1,1,'',5,9,'0','NI WAYAN KASTI','0','I KETUT CAKRA','5104030412080010',51,4,3,2009,'5104032907760003','5104030412080010','I NYOMAN JAYA','LAKI-LAKI','GIANYAR','1976-07-29 00:00:00',1,5,'PETANI/PEKEBUN','NI WAYAN KASTI','I KETUT CAKRA',51,4,3,2009,'BALI','GIANYAR','GIANYAR','BAKBAKAN'),('5104036904000002','I DEWA AYU SRI DEWINTA NIRMALA',2,'GIANYAR','2000-04-29 00:00:00',13,'4',1,4,1,'',2,3,'5104035807690002','I DEWA AYU ADRINI','5104032505720001','I DEWA GEDE ADNYANA','5104032502090026',51,4,3,2002,'5104036904000002','5104032502090026','I DEWA AYU SRI DEWINTA NIRMALA','PEREMPUAN','GIANYAR','2000-04-29 00:00:00',4,2,'PELAJAR/MAHASISWA','I DEWA AYU ADRINI','I DEWA GEDE ADNYANA',51,4,3,2002,'BALI','GIANYAR','GIANYAR','SIDAN'),('5104013112660191','I WAYAN SARYA',1,'KETEWEL','1966-12-31 00:00:00',13,'4',3,1,1,'',3,9,'0','NI WAYAN BUNTER','0','I WAYAN PRESA','5104012509080008',51,4,1,2002,'5104013112660191','5104012509080008','I WAYAN SARYA','LAKI-LAKI','KETEWEL','1966-12-31 00:00:00',1,3,'PETANI/PEKEBUN','NI WAYAN BUNTER','I WAYAN PRESA',51,4,1,2002,'BALI','GIANYAR','SUKAWATI','KETEWEL'),('5104034203020003','DEWA AYU AGUNG MIRAH PRAMESTI',2,'DENPASAR','2002-03-26 00:00:00',4,'4',1,4,1,'',4,1,'5104034412760005','DESAK PUTU SARIANI','5104031808720005','I DEWA KETUT ALIT DHARMAWAN','5104032608100011',51,4,3,2017,'5104034203020003','5104032608100011','DEWA AYU AGUNG MIRAH PRAMESTI','PEREMPUAN','DENPASAR','2002-03-26 00:00:00',4,4,'BELUM/TIDAK BEKERJA','DESAK PUTU SARIANI','I DEWA KETUT ALIT DHARMAWAN',51,4,3,2017,'BALI','GIANYAR','GIANYAR','TEGAL TUGU'),('5104053112750071','I MADE PURNA',1,'GIANYAR','1975-12-31 00:00:00',13,'4',2,1,1,'',5,88,'','NI WAYAN LOJI','','I KETUT GUBREG','5104050404160001',51,4,5,2001,'5104053112750071','5104050404160001','I MADE PURNA','LAKI-LAKI','GIANYAR','1975-12-31 00:00:00',1,5,'WIRASWASTA','NI WAYAN LOJI','I KETUT GUBREG',51,4,5,2001,'BALI','GIANYAR','UBUD','LODTUNDUH'),('5104035906630001','DESAK PUTU KASIH',2,'KLUNGKUNG','1963-06-19 00:00:00',13,'4',2,3,1,'',4,2,'','DESAK MADE RAKA','','DEWA NYOMAN RUPIT','5104031409090033',51,4,3,1007,'5104035906630001','5104031409090033','DESAK PUTU KASIH','PEREMPUAN','KLUNGKUNG','1963-06-19 00:00:00',3,4,'MENGURUS RUMAH TANGGA','DESAK MADE RAKA','DEWA NYOMAN RUPIT',51,4,3,1007,'BALI','GIANYAR','GIANYAR','BITERA'),('5104015803760001','NI WAYAN BUDIARNINGSIH',2,'GULIANG KANGIN','1976-03-18 00:00:00',1,'4',2,3,NULL,'',6,15,'0','NI MADE BUKTI','0','I WAYAN LASIAWAN','5104012406080021',51,4,1,2006,'5104015803760001','5104012406080021','NI WAYAN BUDIARNINGSIH','PEREMPUAN','GULIANG KANGIN','1976-03-18 00:00:00',3,6,'KARYAWAN SWASTA','NI MADE BUKTI','I WAYAN LASIAWAN',51,4,1,2006,'BALI','GIANYAR','SUKAWATI','SINGAPADU'),('5104036302960003','NI LUH PUTU FEBIYANI',2,'GIANYAR','1996-02-23 00:00:00',13,'4',1,4,NULL,'',5,3,'5104035408790003','NI PUTU BUDIASTINI','5104031903730001','I KOMANG MUDITA','5104031405090002',51,4,3,2012,'5104036302960003','5104031405090002','NI LUH PUTU FEBIYANI','PEREMPUAN','GIANYAR','1996-02-23 00:00:00',4,5,'PELAJAR/MAHASISWA','NI PUTU BUDIASTINI','I KOMANG MUDITA',51,4,3,2012,'BALI','GIANYAR','GIANYAR','PETAK'),('5104073112780035','I MADE SUARDIKA',1,'GIANYAR','1978-12-31 00:00:00',13,'4',2,1,NULL,'',4,15,'0','NI WAYAN SIBUH','0','I KETUT LENJU','5104071805090078',51,4,7,2002,'5104073112780035','5104071805090078','I MADE SUARDIKA','LAKI-LAKI','GIANYAR','1978-12-31 00:00:00',1,4,'KARYAWAN SWASTA','NI WAYAN SIBUH','I KETUT LENJU',51,4,7,2002,'BALI','GIANYAR','PAYANGAN','KELUSA'),('5104032110610001','GEDE EKA SURYATMAJA',1,'GIANYAR','1961-10-21 00:00:00',13,'4',2,1,1,'',8,5,'0','NI MADE RIMPEN','0','I NYOMAN RATA','5104030309090015',51,4,3,2013,'5104032110610001','5104030309090015','GEDE EKA SURYATMAJA','LAKI-LAKI','GIANYAR','1961-10-21 00:00:00',1,8,'PEGAWAI NEGERI SIPIL (PNS)','NI MADE RIMPEN','I NYOMAN RATA',51,4,3,2013,'BALI','GIANYAR','GIANYAR','SERONGGA'),('5104014504010001','NI KOMANG ARISTA CAHYANI',2,'GIANYAR','2001-04-05 00:00:00',4,'4',1,4,1,'',5,3,'5104014608710001','NI KETUT MADRI','5104012010680001','I NYOMAN ORBA','5104012304080018',51,4,1,2012,'5104014504010001','5104012304080018','NI KOMANG ARISTA CAHYANI','PEREMPUAN','GIANYAR','2001-04-05 00:00:00',4,5,'PELAJAR/MAHASISWA','NI KETUT MADRI','I NYOMAN ORBA',51,4,1,2012,'BALI','GIANYAR','SUKAWATI','BATUAN KALER'),('5104077112680089','DESAK MADE SUMA',2,'GIANYAR','1968-12-31 00:00:00',13,'4',2,3,1,'',3,2,'','JERO MADE DANGIN','','NGAKAN PUTU LENGAR ','5104070211090142',51,4,7,2003,'5104077112680089','5104070211090142','DESAK MADE SUMA','PEREMPUAN','GIANYAR','1968-12-31 00:00:00',3,3,'PETANI/PEKEBUN','JERO MADE DANGIN','NGAKAN PUTU LENGAR',51,4,7,2003,'BALI','GIANYAR','PAYANGAN','BUKIAN'),('5104032103920003','I MADE STENLY WIJAYA',1,'AMBON','1992-03-21 00:00:00',13,'4',2,4,1,'',5,1,'5104034601660001','KASPERINA SETITIT','5104030412640001','I KETUT ITA','5104030206090080',51,4,3,2010,'5104032103920003','5104030206090080','I MADE STENLY WIJAYA','LAKI-LAKI','AMBON','1992-03-21 00:00:00',4,4,'PELAJAR/MAHASISWA','KASPERINA SETITIT','I KETUT ITA',51,4,3,2010,'BALI','GIANYAR','GIANYAR','SIANGAN'),('5104040906730006','I KETUT SUARSANA',1,'GIANYAR','1973-06-09 00:00:00',13,'4',2,1,NULL,'',6,15,'0','NI NYOMAN MUKLEN','5104046','I WAYAN SANA','5104041311080007',51,4,4,2005,'5104040906730006','5104041311080007','I KETUT SUARSANA','LAKI-LAKI','GIANYAR','1973-06-09 00:00:00',1,6,'KARYAWAN SWASTA','NI NYOMAN MUKLEN','I WAYAN SANA',51,4,4,2005,'BALI','GIANYAR','TAMPAKSIRING','PEJENG KAWAN'),('5104017112510098','NI WAYAN NAMBREG',2,'GIANYAR','1951-12-31 00:00:00',13,'4',1,9,NULL,'',2,9,'0','NI KETUT MEDEK','0','I KETUT BONDOL','5104011206090013',51,4,1,2003,'5104017112510098','5104011206090013','NI WAYAN NAMBREG','PEREMPUAN','GIANYAR','1951-12-31 00:00:00',9,2,'PETANI/PEKEBUN','NI KETUT MEDEK','I KETUT BONDOL',51,4,1,2003,'BALI','GIANYAR','SUKAWATI','GUWANG'),('5104022212850002','KADEK AGUS SUPARDITA EKA YUDA',1,'GIANYAR','1985-12-22 00:00:00',2,'4',2,4,NULL,'',8,1,'5104024505620002','NI KETUT NARTI','5104020101600004','I MADE SUARNATA','5104022407090015',51,4,2,2002,'5104022212850002','5104022407090015','KADEK AGUS SUPARDITA EKA YUDA','LAKI-LAKI','GIANYAR','1985-12-22 00:00:00',4,8,'PELAJAR/MAHASISWA','NI KETUT NARTI','I MADE SUARNATA',51,4,2,2002,'BALI','GIANYAR','BLAHBATUH','PERING'),('5104016908970001','NI KADEK DWI ANGESTI',2,'GIANYAR','1997-08-29 00:00:00',4,'4',1,4,1,'',8,15,'5104014608710001','NI KETUT MADRI','5104012010680001','I NYOMAN ORBA','5104012304080018',51,4,1,2012,'5104016908970001','5104012304080018','NI KADEK  DWI ANGESTI','PEREMPUAN','GIANYAR','1997-08-29 00:00:00',4,4,'PELAJAR/MAHASISWA','NI KETUT MADRI','I NYOMAN ORBA',51,4,1,2012,'BALI','GIANYAR','SUKAWATI','BATUAN KALER'),('5104051206700005','DEWA KETUT PRIADI',1,'GIANYAR','1970-06-12 00:00:00',13,'4',2,7,1,'',5,15,'','DESAK PUTU RAKA','','DEWA MADE SURA','5104050401100123',51,4,5,2003,'5104051206700005','5104050401100123','DEWA KETUT PRIADI','LAKI-LAKI','GIANYAR','1970-06-12 00:00:00',1,5,'KARYAWAN SWASTA','DESAK PUTU RAKA','DEWA MADE SURA',51,4,5,2003,'BALI','GIANYAR','UBUD','SINGAKERTA'),('5104013112560240','I KETUT SUTER',1,'GIANYAR','1956-12-31 00:00:00',13,'4',2,1,1,'',3,19,'','NI WAYAN RAME','','I KETUT KANTUN','5104011205080082',51,4,1,2010,'5104013112560240','5104011205080082','I KETUT SUTER','LAKI-LAKI','GIANYAR','1956-12-31 00:00:00',1,3,'BURUH HARIAN LEPAS','NI WAYAN RAME','I KETUT KANTUN',51,4,1,2010,'BALI','GIANYAR','SUKAWATI','SINGAPADU TENGAH'),('5104063112770040','GUSTI NGURAH PARTHA',1,'GIANYAR','1978-03-13 00:00:00',13,'4',2,5,1,'',5,88,'0','GUSTI AYU RAI','0','GUSTI NGURAH PACUNG','5104062707090045',51,4,6,2001,'5104063112770040','5104062707090045','GUSTI NGURAH PARTHA','LAKI-LAKI','GIANYAR','1978-03-13 00:00:00',5,5,'WIRASWASTA','GUSTI AYU RAI','GUSTI NGURAH PACUNG',51,4,6,2001,'BALI','GIANYAR','TEGALLALANG','KELIKI'),('5104015103950001','NI WAYAN MARETAYANI',2,'GIANYAR','1995-03-11 00:00:00',4,'4',2,4,1,'',8,65,'5104014608710001','NI KETUT MADRI','5104012010680001','I NYOMAN ORBA','5104012304080018',51,4,1,2012,'5104015103950001','5104012304080018','NI WAYAN MARETAYANI','PEREMPUAN','GIANYAR','1995-03-11 00:00:00',4,8,'GURU','NI KETUT MADRI','I NYOMAN ORBA',51,4,1,2012,'BALI','GIANYAR','SUKAWATI','BATUAN KALER'),('5108062208840004','KADEK PUJANA',1,'SINGARAJA','1984-08-22 00:00:00',13,'4',2,4,1,'',5,15,'5108067112620250','NI KETUT SUDANI','5108063112600254','I WAYAN LANUS','5104031608160002',51,4,3,2001,'5108062208840004','5104031608160002','KADEK PUJANA','LAKI-LAKI','SINGARAJA','1984-08-22 00:00:00',4,5,'BURUH HARIAN LEPAS','NI KETUT SUDANI','I WAYAN LANUS',51,4,3,2001,'BALI','GIANYAR','GIANYAR','TULIKUP'),('5104020101600004','I MADE SUARNATA',1,'KARANGASEM','1960-01-01 00:00:00',2,'4',2,1,NULL,'',5,6,'0','NI KETUT SADRI','0','I NENGAH SADRI','5104022407090015',51,4,2,2002,'5104020101600004','5104022407090015','I MADE SUARNATA','LAKI-LAKI','KARANGASEM','1960-01-01 00:00:00',1,5,'TENTARA NASIONAL INDONESIA (TNI)','NI KETUT SADRI','I NENGAH SADRI',51,4,2,2002,'BALI','GIANYAR','BLAHBATUH','PERING'),('5104023112600234','I KETUT JAPA',1,'GIANYAR','1960-12-31 00:00:00',13,'4',2,1,NULL,'',3,19,'0','NI MADE GENEP','0','I NYOMAN SAMBA','5104022111080004',51,4,2,2009,'5104023112600234','5104022111080004','I KETUT JAPA','LAKI-LAKI','GIANYAR','1960-12-31 00:00:00',1,3,'BURUH HARIAN LEPAS','NI MADE GENEP','I NYOMAN SAMBA',51,4,2,2009,'BALI','GIANYAR','BLAHBATUH','BONA'),('5104055202880002','ANAK AGUNG MAS SRIAYUNI PUTRA',2,'DENPASAR','1988-02-12 00:00:00',3,'4',2,3,1,'',8,5,'','I GUSTI AGUNG MAS RAHAYUNI','','ANAK AGUNG MADE PUTRA','5104051411080002',51,4,5,1005,'5104055202880002','5104051411080002','ANAK AGUNG MAS SRIAYUNI PUTRA, S.Pd.B','PEREMPUAN','DENPASAR','1988-02-12 00:00:00',3,8,'PEGAWAI NEGERI SIPIL (PNS)','I GUSTI AGUNG MAS RAHAYUNI','ANAK AGUNG MADE PUTRA',51,4,5,1005,'BALI','GIANYAR','UBUD','UBUD'),('5104070906010001','ADI WAHYU PRATAMA',1,'GIANYAR','2001-06-09 00:00:00',13,'4',1,4,1,'',4,3,'5104075107720001','NI WAYAN SENIATI','5104070507720002','I MADE KARTANA','5104072911100018',51,4,7,2007,'5104070906010001','5104072911100018','ADI WAHYU PRATAMA','LAKI-LAKI','GIANYAR','2001-06-09 00:00:00',4,4,'PELAJAR/MAHASISWA','NI WAYAN SENIATI','I MADE KARTANA',51,4,7,2007,'BALI','GIANYAR','PAYANGAN','MELINGGIH KELOD'),('5104034412760005','DESAK PUTU SARIANI',2,'GIANYAR','1976-12-04 00:00:00',4,'4',2,3,1,'',5,88,'','JRO KETUT ARIANI','','I DEWA PUTU NGURAH','5104032608100011',51,4,3,2017,'5104034412760005','5104032608100011','DESAK PUTU SARIANI','PEREMPUAN','GIANYAR','1976-12-04 00:00:00',3,5,'WIRASWASTA','JRO KETUT ARIANI','I DEWA PUTU NGURAH',51,4,3,2017,'BALI','GIANYAR','GIANYAR','TEGAL TUGU'),('5104022911900003','I MADE SUARDANA WIRA',1,'DENPASAR','1990-09-29 00:00:00',13,'4',1,4,NULL,'',7,3,'5104027112560159','NI KETUT SUARNI','5104023112560184','I KETUT SAPTA','5104023003090019',51,4,2,2001,'5104022911900003','5104023003090019','I MADE SUARDANA WIRA','LAKI-LAKI','DENPASAR','1990-09-29 00:00:00',4,7,'PELAJAR/MAHASISWA','NI KETUT SUARNI','I KETUT SAPTA',51,4,2,2001,'BALI','GIANYAR','BLAHBATUH','SABA'),('5108063112600254','I WAYAN LANUS',1,'GIANYAR','1960-12-31 00:00:00',13,'4',2,1,1,'',3,19,'0','NI KETUT SIMA','0','I MADE MARA','5104031608160002',51,4,3,2001,'5108063112600254','5104031608160002','I WAYAN LANUS','LAKI-LAKI','GIANYAR','1960-12-31 00:00:00',1,3,'BURUH HARIAN LEPAS','NI KETUT SIMA','I MADE MARA',51,4,3,2001,'BALI','GIANYAR','GIANYAR','TULIKUP'),('5104056003720002','DESAK MADE SUKERNI',2,'GIANYAR','1972-03-20 00:00:00',13,'4',4,1,1,'',5,19,'','DESAK PUTU BALIK','','DEWA NYOMAN SUDA','5104050401100123',51,4,5,2003,'5104056003720002','5104050401100123','DESAK MADE SUKERNI','PEREMPUAN','GIANYAR','1972-03-20 00:00:00',3,5,'BURUH HARIAN LEPAS','DESAK PUTU BALIK','DEWA NYOMAN SUDA',51,4,5,2003,'BALI','GIANYAR','UBUD','SINGAKERTA'),('5104020101940006','I MADE SUDIRSA',1,'GIANYAR','1994-01-01 00:00:00',13,'4',1,4,NULL,'',5,3,'5104027112660131','NI NYOMAN SULANDRINI','5104023112600234','I KETUT JAPA','5104022111080004',51,4,2,2009,'5104020101940006','5104022111080004','I MADE SUDIKSA','LAKI-LAKI','GIANYAR','1994-01-01 00:00:00',4,5,'KARYAWAN SWASTA','NI NYOMAN SULANDRINI','I KETUT JAPA',51,4,2,2009,'BALI','GIANYAR','BLAHBATUH','BONA'),('5104012007750007','I WAYAN WIRTA',1,'BANGLI','1975-07-20 00:00:00',13,'4',2,5,NULL,'',5,15,'5104016606760002','NI SUMA ','5104012707750001','I DURUNG','5104011205080082',51,4,1,2010,'5104012007750007','5104011205080082','I WAYAN WIRTA','LAKI-LAKI','BANGLI','1975-07-20 00:00:00',5,5,'KARYAWAN SWASTA','NI SUMA','I DURUNG',51,4,1,2010,'BALI','GIANYAR','SUKAWATI','SINGAPADU TENGAH'),('5104077112740025','NI KADEK MARTINI',2,'BR. JAANG','1974-12-31 00:00:00',13,'4',2,3,NULL,'',5,2,'0','NI MADE ENCOL','0','I KETUT PUKIL (ALM)','5104072506090001',51,4,7,2005,'5104077112740025','5104072506090001','NI KADEK MARTINI','PEREMPUAN','BR. JAANG','1974-12-31 00:00:00',3,5,'MENGURUS RUMAH TANGGA','NI JERO MANGKU','JERO MANGKU SRI',51,4,7,2005,'BALI','GIANYAR','PAYANGAN','BUAHAN'),('5104034601660001','KASPERINA SETITIT',2,'MALUKU TENGAH','1966-01-06 00:00:00',4,'4',2,3,1,'',5,2,'','MARIETA SETITIT','','IGNASIUS SETITIT','5104030206090080',51,4,3,2010,'5104034601660001','5104030206090080','KASPERINA SETITIT','PEREMPUAN','MALUKU TENGAH','1966-01-06 00:00:00',3,5,'MENGURUS RUMAH TANGGA','MARIETA SETITIT','IGNASIUS SETITIT',51,4,3,2010,'BALI','GIANYAR','GIANYAR','SIANGAN'),('5104017103810004','NI KOMANG RATIANI',2,'GIANYAR','1981-03-31 00:00:00',2,'4',1,4,1,'',5,88,'5104017112600208','NI KETUT GANTI','5104013112570125','I KETUT NAYA','5104012311090176',51,4,1,2005,'5104017103810004','5104012311090176','NI KOMANG RATIANI','PEREMPUAN','GIANYAR','1981-03-31 00:00:00',4,5,'WIRASWASTA','NI KETUT GANTI','I KETUT NAYA',51,4,1,2005,'BALI','GIANYAR','SUKAWATI','CELUK'),('5104011508830001','I KETUT PANDE PARTAWINAYA',1,'GIANYAR','1983-08-15 00:00:00',4,'4',1,4,1,'',5,88,'5104017112600208','NI KETUT GANTI','5104013112570125','I KETUT NAYA','5104012311090176',51,4,1,2005,'5104011508830001','5104012311090176','I KETUT PANDE PARTAWINAYA','LAKI-LAKI','GIANYAR','1983-08-15 00:00:00',4,5,'WIRASWASTA','NI KETUT GANTI','I KETUT NAYA',51,4,1,2005,'BALI','GIANYAR','SUKAWATI','CELUK'),('5106044108710003','SENIWATI',2,'PROBOLINGGO','1971-08-01 00:00:00',4,'1',2,3,1,'',8,5,'','WIJI RAHAYU','','FACRUR ROZY ','5104030303160001',51,4,3,1005,'5106044108710003','5104030303160001','SENIWATI','PEREMPUAN','PROBOLINGGO','1971-08-01 00:00:00',3,8,'PEGAWAI NEGERI SIPIL (PNS)','WIJI RAHAYU','FACRUR ROZY ',51,4,3,1005,'BALI','GIANYAR','GIANYAR','ABIANBASE'),('5104051605780003','I DEWA PUTU MUSTIKA',1,'GIANYAR','1978-05-16 00:00:00',4,'4',2,1,NULL,'',8,88,'0','DESAK PUTU RUMINI','0','I DEWA KETUT RAJIN','5104050412120002',51,4,5,2002,'5104051605780003','5104050412120002','I DEWA PUTU MUSTIKA, S.SN','LAKI-LAKI','GIANYAR','1978-05-16 00:00:00',1,8,'WIRASWASTA','DESAK PUTU RUMINI','I DEWA KETUT RAJIN',51,4,5,2002,'BALI','GIANYAR','UBUD','MAS'),('5104033112450221','I NYOMAN SANGGRI',1,'GIANYAR','1945-12-31 00:00:00',13,'4',2,7,1,'',3,11,'','NI WAYAN SINTEG','','I MADE DUNGKI','5104032610100003',51,4,3,2004,'5104033112450221','5104032610100003','I NYOMAN SANGGRI','LAKI-LAKI','GIANYAR','1945-12-31 00:00:00',7,3,'NELAYAN/PERIKANAN','NI WAYAN SINTEG','I MADE DUNGKI',51,4,3,2004,'BALI','GIANYAR','GIANYAR','LEBIH'),('5104033012540012','I WAYAN TAMAN',1,'GIANYAR','1954-12-30 00:00:00',13,'4',2,1,NULL,'',3,9,'0','NI WAYAN SAYUB','0','I WAYAN KARANG (ALM)','5104031905090086',51,4,3,1003,'5104033012540012','5104031905090086','I WAYAN TAMAN','LAKI-LAKI','GIANYAR','1954-12-30 00:00:00',1,3,'PETANI/PEKEBUN','NI WAYAN SAYUB','I WAYAN KARANG (ALM)',51,4,3,1003,'BALI','GIANYAR','GIANYAR','SAMPLANGAN'),('5104023112560184','I KETUT SAPTA',1,'BR. SABA, GIANYAR','1956-12-31 00:00:00',13,'4',2,1,1,'',9,64,'','NI KETUT SARI','','I KETUT KARSA','5104023003090019',51,4,2,2001,'5104023112560184','5104023003090019','Drs. I KETUT SAPTA, M.Si','LAKI-LAKI','BR. SABA, GIANYAR','1956-12-31 00:00:00',1,9,'DOSEN','NI KETUT SARI','I KETUT KARSA',51,4,2,2001,'BALI','GIANYAR','BLAHBATUH','SABA'),('5104062402710003','I MADE PASEK',1,'BR. KEBON, KEDISAN','1971-02-24 00:00:00',13,'4',2,1,1,'',5,88,'0','NI WAYAN MERTA','0','I NYOMAN JEDUG','5104060904080001',51,4,6,2004,'5104062402710003','5104060904080001','I MADE PASEK','LAKI-LAKI','BR. KEBON, KEDISAN','1971-02-24 00:00:00',1,5,'WIRASWASTA','NI WAYAN MERTA','I NYOMAN JEDUG',51,4,6,2004,'BALI','GIANYAR','TEGALLALANG','KEDISAN'),('5104053112650009','I WAYAN SUPARTHA',1,'GIANYAR','1965-12-31 00:00:00',2,'4',2,1,NULL,'',5,15,'0','NI WAYAN CANTING','0','I WAYAN GOBIAH','5104050608080013',51,4,5,2006,'5104053112650009','5104050608080013','I WAYAN SUPARTHA','LAKI-LAKI','GIANYAR','1965-12-31 00:00:00',1,5,'KARYAWAN SWASTA','NI WAYAN CANTING','I WAYAN GOBIAH',51,4,5,2006,'BALI','GIANYAR','UBUD','PELIATAN'),('5104022607820001','I WAYAN MERTA YASA',1,'GIANYAR','1982-07-26 00:00:00',13,'4',2,1,1,'',5,15,'5104027012550001','NI MADE RENI','5104023112470011','I MADE RUPA','5104020807160001',51,4,2,2007,'5104022607820001','5104020807160001','I WAYAN MERTA YASA','LAKI-LAKI','GIANYAR','1982-07-26 00:00:00',1,5,'KARYAWAN SWASTA','NI MADE RENI','I MADE RUPA',51,4,2,2007,'BALI','GIANYAR','BLAHBATUH','BEDULU'),('5104035407860001','NI LUH RONI',2,'KARANGASEM','1986-07-14 00:00:00',13,'4',2,5,1,'',3,2,'0','NI NYOMAN PUGET','0','I WAYAN PARA','5104031905090086',51,4,3,1003,'5104035407860001','5104031905090086','NI LUH RONI','PEREMPUAN','KARANGASEM','1986-07-14 00:00:00',5,3,'MENGURUS RUMAH TANGGA','NI NYOMAN PUGET','I WAYAN PARA',51,4,3,1003,'BALI','GIANYAR','GIANYAR','SAMPLANGAN'),('5104010703760001','I KETUT SUMAJI',1,'GIANYAR','1976-03-07 00:00:00',4,'4',1,4,NULL,'',8,88,'5104017112520183','NI NENGAH TIRTANINGSIH','5104013112440123','I MADE PEGEG','5104011007080026',51,4,1,2011,'5104010703760001','5104011007080026','I KETUT SUMAJI','LAKI-LAKI','GIANYAR','1976-03-07 00:00:00',4,8,'WIRASWASTA','NI NENGAH TIRTANINGSIH','I MADE PEGEG',51,4,1,2011,'BALI','GIANYAR','SUKAWATI','SINGAPADU KALER'),('5104044107770076','NI WAYAN PATRI',2,'MANUKAYA','1977-07-01 00:00:00',13,'4',2,3,1,'',3,2,'0','NI WAYAN KESER','5104046','I MADE PONDOK','5104042104090036',51,4,4,2004,'5104044107770076','5104042104090036','NI WAYAN PATRI','PEREMPUAN','MANUKAYA','1977-07-01 00:00:00',3,3,'MENGURUS RUMAH TANGGA','NI WAYAN KESER','I MADE PONDOK',51,4,4,2004,'BALI','GIANYAR','TAMPAKSIRING','MANUKAYA'),('5104056908740002','NI WAYAN PURI',2,'PETULU GUNUNG','1974-08-29 00:00:00',13,'4',2,3,1,'',5,9,'','NI WAYAN REMBYOK','','I KETUT SUARTA','5104051611090123',51,4,5,2007,'5104056908750001','5104051611090123','NI WAYAN PURI','2','PETULU GUNUNG','1975-08-29 00:00:00',NULL,NULL,'','NI WAYAN REMBYOK','I KETUT SUARTO',NULL,NULL,NULL,NULL,' ',' ',' ',' '),('5104030104830001','ANAK AGUNG GEDE ANOM APRIANA PUTRA',1,'GIANYAR','1983-04-01 00:00:00',3,'4',2,4,NULL,'',5,15,'5104037112560114','ANAK AGUNG ISTRI RAKA','0','DRS. ANAK AGUNG GANGGA PUTRA','5104031507090179',51,4,3,2015,'5104030104830001','5104031507090179','ANAK AGUNG GEDE ANOM APRIANA PUTRA','LAKI-LAKI','GIANYAR','1983-04-01 00:00:00',4,5,'KARYAWAN SWASTA','ANAK AGUNG ISTRI RAKA','ANAK AGUNG GDE GANGGA PUTRA',51,4,3,2015,'BALI','GIANYAR','GIANYAR','TEMESI'),('5104030403000003','ANAK AGUNG GEDE AGUNG DAMA MAHATMA PUTRA',1,'GIANYAR','2000-03-04 00:00:00',13,'4',1,6,1,'',4,3,'','I GUSTI AGUNG AYU PUTU SASTRANI','','A A GD EKA MAHAPUTRA','5104033107090100',51,4,3,1006,'5104030403000003','5104033107090100','ANAK AGUNG GEDE AGUNG DAMA MAHATMA PUTRA','LAKI-LAKI','GIANYAR','2000-03-04 00:00:00',6,4,'PELAJAR/MAHASISWA','I GUSTI AGUNG AYU PUTU SASTRANI','A A GD EKA MAHAPUTRA',51,4,3,1006,'BALI','GIANYAR','GIANYAR','GIANYAR'),('5104014507820003','NI NYOMAN ASTINI',2,'GIANYAR','1982-07-05 00:00:00',13,'4',2,4,NULL,'',5,15,'5104017112530199','NI NYOMAN  RASMEN','5104013112560240','I KETUT SUTER','5104011205080082',51,4,1,2010,'5104014507820003','5104011205080082','NI NYOMAN ASTINI','PEREMPUAN','GIANYAR','1982-07-05 00:00:00',4,5,'KARYAWAN SWASTA','NI NYOMAN  RASMEN','I KETUT SUTER',51,4,1,2010,'BALI','GIANYAR','SUKAWATI','SINGAPADU TENGAH'),('5104066606810001','NI MADE SUKARINI',2,'BR. KEBON, KEDISAN','1981-06-26 00:00:00',13,'4',2,3,1,'',5,15,'0','NI MADE MARA','0','I WAYAN BAWA','5104060904080001',51,4,6,2004,'5104066606810001','5104060904080001','NI MADE SUKARINI','PEREMPUAN','BR. KEBON, KEDISAN','1981-06-26 00:00:00',3,5,'KARYAWAN SWASTA','NI MADE MARA','-',51,4,6,2004,'BALI','GIANYAR','TEGALLALANG','KEDISAN'),('5104010509930002','IDA BAGUS ARI PARMITA',1,'DENPASAR','1993-09-05 00:00:00',13,'4',1,9,1,'',5,3,'','IDA AYU MIRAH PURNAMAWATI','','IDA BAGUS  PARTA','5104010804090066',51,4,1,2008,'5104010509930002','5104010804090066','IDA BAGUS ARI PARMITA','LAKI-LAKI','DENPASAR','1993-09-05 00:00:00',9,5,'PELAJAR/MAHASISWA','IDA AYU MIRAH PURNAMAWATI','IDA BAGUS  PARTA',51,4,1,2008,'BALI','GIANYAR','SUKAWATI','KEMENUH'),('5104027112770046','NI NYOMAN MARIANI',2,'GIANYAR','1977-12-31 00:00:00',13,'4',2,3,NULL,'',3,2,'0','NI WAYAN SURNI','0','I WAYAN SUDANA','5104022910100003',51,4,2,2005,'5104027112770046','5104022910100003','NI NYOMAN MARIANI','PEREMPUAN','GIANYAR','1977-12-31 00:00:00',3,3,'MENGURUS RUMAH TANGGA','NI WAYAN SURNI','I WAYAN SUDANA',51,4,2,2005,'BALI','GIANYAR','BLAHBATUH','BLAHBATUH'),('5104017112640096','ANAK AGUNG ISTRI RAI TRISNAYANTI',2,'PAYANGAN','1964-12-31 00:00:00',13,'4',2,3,NULL,'',8,65,'0','ANAK AGUNG ISTRI ANOM','0','ANAK AGUNG RAKA KALER','5104011806090075',51,4,1,2007,'5104017112640096','5104011806090075','ANAK AGUNG ISTRI RAI TRISNAYANTI','PEREMPUAN','PAYANGAN','1964-12-31 00:00:00',3,8,'GURU','ANAK AGUNG ISTRI ANOM','ANAK AGUNG RAKA KALER',51,4,1,2007,'BALI','GIANYAR','SUKAWATI','BATUAN'),('5104017112530199','NI NYOMAN  RASMEN',2,'GIANYAR','1953-12-31 00:00:00',13,'4',2,3,1,'',3,2,'','NI NYOMAN KALIS ','','I MADE MAWIN ','5104011205080082',51,4,1,2010,'5104017112530199','5104011205080082','NI NYOMAN  RASMEN','PEREMPUAN','GIANYAR','1953-12-31 00:00:00',3,3,'MENGURUS RUMAH TANGGA','NI NYOMAN KALIS','I MADE MAWIN',51,4,1,2010,'BALI','GIANYAR','SUKAWATI','SINGAPADU TENGAH'),('5104010512740002','I MADE MURDIKA',1,'GIANYAR','1974-12-05 00:00:00',2,'4',2,1,NULL,'',5,88,'0','NI MADE LIPET','0','I MADE MARA','5104011802090002',51,4,1,2009,'5104010512740002','5104011802090002','I MADE MURDIKA','LAKI-LAKI','GIANYAR','1974-12-05 00:00:00',1,5,'WIRASWASTA','NI MADE LIPET','I MADE MARA',51,4,1,2009,'BALI','GIANYAR','SUKAWATI','BATUBULAN KANGIN'),('5104042507720001','GUSTI KETUT BRATA',1,'GIANYAR','1972-07-25 00:00:00',4,'4',2,1,1,'',5,88,'0','GUSTI NYOMAN UBUD','5104046','ALM','5104041607090021',51,4,4,2008,'5104042507720001','5104041607090021','I GUSTI KETUT BERATA','LAKI-LAKI','GIANYAR','1972-07-25 00:00:00',1,5,'WIRASWASTA','GUSTI NYOMAN UBUD','-',51,4,4,2008,'BALI','GIANYAR','TAMPAKSIRING','PEJENG KELOD'),('5104047112720058','NI MADE MARIANI',2,'DENPASAR','1972-12-31 00:00:00',13,'4',2,3,1,'',5,2,'','NI WAYAN RUMPIG','','I MADE RAWUNG','5104040405110004',51,4,4,2003,'5104047112720058','5104040405110004','NI MADE MARIANI','PEREMPUAN','DENPASAR','1972-12-31 00:00:00',3,5,'KARYAWAN SWASTA','NI WAYAN RUMPIG','I MADE RAWUNG',51,4,4,2003,'BALI','GIANYAR','TAMPAKSIRING','TAMPAKSIRING'),('5104020312820002','I WAYAN SUJANA',1,'GIANYAR','1982-12-03 00:00:00',13,'4',1,4,1,'',5,15,'5104027012670014','NI WAYAN RAPUG','5104023112630232','I WAYAN SUKRA','5104021911090014',51,4,2,2003,'5104020312820002','5104021911090014','I WAYAN SUJANA','LAKI-LAKI','GIANYAR','1982-12-03 00:00:00',4,5,'KARYAWAN SWASTA','NI WAYAN RAPUG','I WAYAN SUKRA',51,4,2,2003,'BALI','GIANYAR','BLAHBATUH','KERAMAS'),('5104032310950002','BAGUS NYOMAN SUYADNYA',1,'AMBON','1995-10-23 00:00:00',13,'4',1,4,1,'',5,15,'5104034601660001','KASPERINA SETITIT','5104030412640001','I KETUT ITA','5104030206090080',51,4,3,2010,'5104032310950002','5104030206090080','BAGUS NYOMAN SUYADNYA','LAKI-LAKI','AMBON','1995-10-23 00:00:00',4,5,'PELAJAR/MAHASISWA','KASPERINA SETITIT','I KETUT ITA',51,4,3,2010,'BALI','GIANYAR','GIANYAR','SIANGAN'),('5108062204820005','I WAYAN PUJA',1,'SINGARAJA','1982-04-22 00:00:00',13,'4',1,4,1,'',5,15,'5108067112620250','NI KETUT SUDANI','5108063112600254','I WAYAN LANUS','5104031608160002',51,4,3,2001,'5108062204820005','5104031608160002','I WAYAN PUJA','LAKI-LAKI','SINGARAJA','1982-04-22 00:00:00',4,5,'KARYAWAN SWASTA','NI KETUT SUDANI','I WAYAN LANUS',51,4,3,2001,'BALI','GIANYAR','GIANYAR','TULIKUP'),('5104032707590001','DEWA MADE SADIA',1,'GIANYAR','1959-07-27 00:00:00',13,'4',2,1,1,'',3,19,'0','DESAK NYOMAN LILIR','0','DEWA PUTU MEGOR','5104031409090033',51,4,3,1007,'5104032707590001','5104031409090033','DEWA MADE SADIA','LAKI-LAKI','GIANYAR','1959-07-27 00:00:00',1,3,'BURUH HARIAN LEPAS','DESAK NYOMAN LILIR','DEWA PUTU MEGOR',51,4,3,1007,'BALI','GIANYAR','GIANYAR','BITERA'),('5104035205740001','NI WAYAN SUPARMI',2,'GIANYAR','1974-05-12 00:00:00',13,'4',2,3,1,'',4,2,'0','NI WAYAN NETERA','0','I MADE RAWES','5104030707080004',51,4,3,2016,'5104035205740001','5104030707080004','NI WAYAN SUPARMI','PEREMPUAN','GIANYAR','1974-05-12 00:00:00',3,4,'MENGURUS RUMAH TANGGA','NI WAYAN NETERA','I MADE RAWES',51,4,3,2016,'BALI','GIANYAR','GIANYAR','SUMITA'),('5104034612010003','DESAK MADE DITA UTARI',2,'GIANYAR','2001-12-06 00:00:00',2,'4',1,4,NULL,'',2,3,'5104036410740001','IDA AYU PUTU PUSPAYANTI','5104031902650001','DEWA MADE ADJANA','5104030205080015',51,4,3,1008,'5104034612010003','5104030205080015','DESAK MADE DITA UTARI','PEREMPUAN','GIANYAR','2001-12-06 00:00:00',4,2,'PELAJAR/MAHASISWA','IDA AYU PUTU PUSPAYANTI','DEWA MADE ADJANA',51,4,3,1008,'BALI','GIANYAR','GIANYAR','BENG'),('5104035503800003','NI MADE SERINTEN',2,'GIANYAR','1980-03-15 00:00:00',13,'4',2,3,1,'',5,19,'0','NI NANGI','0','I MADE DANA','5104031605130001',51,4,3,2014,'5104035503800003','5104031605130001','NI MADE SERINTEN','PEREMPUAN','GIANYAR','1980-03-15 00:00:00',3,5,'BURUH HARIAN LEPAS','NI NANGI','I MADE DANA',51,4,3,2014,'BALI','GIANYAR','GIANYAR','PETAK KAJA'),('5104025502020004','NI KADEK TINA FEBRIYANI PUTRI',2,'GIANYAR','2002-02-15 00:00:00',13,'4',1,4,NULL,'',2,3,'5104027112740080','NI KETUT SEKAR','5104020101700006','I WAYAN RATA','5104020206090023',51,4,2,2008,'5104025502020004','5104020206090023','NI KADEK TINA FEBRIYANI PUTRI','PEREMPUAN','GIANYAR','2002-02-15 00:00:00',4,2,'PELAJAR/MAHASISWA','NI KETUT SEKAR','I WAYAN RATA',51,4,2,2008,'BALI','GIANYAR','BLAHBATUH','MEDAHAN'),('5104036411020001','PUTU DIAN PATNI WIJAYANTI',2,'GIANYAR','2002-11-24 00:00:00',13,'4',1,4,1,'',5,3,'5104034107800014','NI WAYAN NURIATI','5104030107780012','I NYOMAN JAYA','5104030412080010',51,4,3,2009,'5104036411020001','5104030412080010','PUTU DIAN PATNI WIJAYANTI','PEREMPUAN','GIANYAR','2002-11-24 00:00:00',4,5,'PELAJAR/MAHASISWA','NI WAYAN NURIATI','I NYOMAN JAYA',51,4,3,2009,'BALI','GIANYAR','GIANYAR','BAKBAKAN'),('5104021302980002','I WAYAN ADY BISMANTARA',1,'MEDAHAN','1998-02-13 00:00:00',13,'4',1,4,NULL,'',4,3,'5104027112740080','NI KETUT SEKAR','5104020101700006','I WAYAN RATA','5104020206090023',51,4,2,2008,'5104021302980002','5104020206090023','I WAYAN ADY BISMANTARA','LAKI-LAKI','MEDAHAN','1998-02-13 00:00:00',4,4,'PELAJAR/MAHASISWA','NI KETUT SEKAR','I WAYAN RATA',51,4,2,2008,'BALI','GIANYAR','BLAHBATUH','MEDAHAN'),('5104017012660001','NI MADE WARDANI',2,'GIANYAR','1966-12-30 00:00:00',4,'4',1,9,NULL,'',3,20,'0','NI MADE GATI','0','I WAYAN RENDA','5104012304080018',51,4,1,2012,'5104017012660001','5104012304080018','NI MADE WARDANI','PEREMPUAN','GIANYAR','1966-12-30 00:00:00',9,3,'BURUH TANI/PERKEBUNAN','NI MADE GATI','I WAYAN RENDA',51,4,1,2012,'BALI','GIANYAR','SUKAWATI','BATUAN KALER'),('5104031903730001','I KOMANG MUDITA',1,'GIANYAR','1973-03-19 00:00:00',13,'4',2,1,NULL,'',5,88,'0','NI LUH NITA ','0','I WAYAN TAGEN','5104031405090002',51,4,3,2012,'5104031903730001','5104031405090002','I KOMANG MUDITA','LAKI-LAKI','GIANYAR','1973-03-19 00:00:00',1,5,'WIRASWASTA','NI LUH NITA','I WAYAN TAGEN',51,4,3,2012,'BALI','GIANYAR','GIANYAR','PETAK'),('5104035809880003','NI KOMANG RASTINI',2,'GIANYAR','1988-09-18 00:00:00',13,'4',2,5,1,'',3,19,'','NYOMAN PUJI','','WAYAN MAKEN','5104031409090033',51,4,3,1007,'5104035809880003','5104031409090033','NI KOMANG RASTINI','PEREMPUAN','GIANYAR','1988-09-18 00:00:00',5,3,'BURUH HARIAN LEPAS','NYOMAN PUJI','WAYAN MAKEN',51,4,3,1007,'BALI','GIANYAR','GIANYAR','BITERA'),('5104046002980002','NI WAYAN RASTIKA YANTI',2,'TAMPAKSIRING','1998-02-20 00:00:00',13,'4',2,5,1,'',5,2,'5104044107790045','NI KETUT MUSTI','5104042004750004','I NYOMAN SUASTANA','5104042104090036',51,4,4,2004,'5104046002980002','5104042104090036','NI WAYAN RASTIKA YANTI','PEREMPUAN','TAMPAKSIRING','1998-02-20 00:00:00',5,5,'MENGURUS RUMAH TANGGA','NI KETUT MUSTI','I NYOMAN SUASTANA',51,4,4,2004,'BALI','GIANYAR','TAMPAKSIRING','MANUKAYA'),('5104076404010001','NI WAYAN SUARNI',2,'GIANYAR','2001-04-24 00:00:00',13,'4',1,4,1,'',3,3,'5104077112780042','NI MADE JANI','5104073112780035','I MADE SUARDIKA','5104071805090078',51,4,7,2002,'5104076404010001','5104071805090078','NI WAYAN SUARNI','PEREMPUAN','GIANYAR','2001-04-24 00:00:00',4,3,'PELAJAR/MAHASISWA','NI MADE JANI','I MADE SUARDIKA',51,4,7,2002,'BALI','GIANYAR','PAYANGAN','KELUSA'),('5104056404690001','NI KADEK SUARMI',2,'GIANYAR','1969-04-24 00:00:00',2,'4',2,3,NULL,'',5,2,'0','NI MADE RUSA','0','I WAYAN LAMPO','5104050608080013',51,4,5,2006,'5104056404690001','5104050608080013','NI KADEK SUARMI','PEREMPUAN','GIANYAR','1969-04-24 00:00:00',3,5,'MENGURUS RUMAH TANGGA','NI MADE RUSA','I WAYAN LAMPO',51,4,5,2006,'BALI','GIANYAR','UBUD','PELIATAN'),('5104073112610038','ANAK AGUNG GEDE PUTRA WICAKSANA',1,'GIANYAR','1961-12-31 00:00:00',2,'4',2,1,NULL,'',8,5,'0','ANAK AGUNG ISTRI ANOM (ALM)','0','ANAK AGUNG GEDE OKA (ALM)','5104072704090069',51,4,7,2001,'5104073112610038','5104072704090069','ANAK AGUNG GEDE PUTRA WICAKSANA, S.Pd','LAKI-LAKI','GIANYAR','1961-12-31 00:00:00',1,8,'PEGAWAI NEGERI SIPIL (PNS)','ANAK AGUNG ISTRI ANOM (ALM)','ANAK AGUNG GEDE OKA (ALM)',51,4,7,2001,'BALI','GIANYAR','PAYANGAN','MELINGGIH'),('5104011209020002','I PUTU SUYOGA',1,'GIANYAR','2002-09-12 00:00:00',13,'4',1,6,NULL,'',2,3,'5104016606760002','NI NYOMAN ASTINI','5104012707750001','I WAYAN WIRTA','5104011205080082',51,4,1,2010,'5104011209020002','5104011205080082','I PUTU SUYOGA','LAKI-LAKI','GIANYAR','2002-09-12 00:00:00',6,5,'PELAJAR/MAHASISWA','NI NYOMAN ASTINI','I WAYAN WIRTA',51,4,1,2010,'BALI','GIANYAR','SUKAWATI','SINGAPADU TENGAH'),('5105016211870001','NI KOMANG LADRI',2,'BUCANG','1989-12-31 00:00:00',4,'4',2,3,1,'',3,15,'','NI MADE MUJI','','I WAYAN MEKAR','5104042008140001',51,4,4,2002,'5105016211870001','5104042008140001','NI KOMANG LADRI','PEREMPUAN','BUCANG','1989-12-31 00:00:00',3,3,'KARYAWAN SWASTA','NI MADE MUJI','I WAYAN MEKAR',51,4,4,2002,'BALI','GIANYAR','TAMPAKSIRING','SANDING'),('5104035401010003','DESAK PUTU SUKMA KARTIKA DEWI',2,'DENPASAR','2001-01-14 00:00:00',4,'4',1,4,1,'',2,3,'5104034607710004','NI NYOMAN MALINI','5104031506670002','NGAKAN MADE SUKADA','5104031003090027',51,4,3,2011,'5104035401010003','5104031003090027','DESAK PUTU SUKMA KARTIKA DEWI','PEREMPUAN','DENPASAR','2001-01-14 00:00:00',4,2,'PELAJAR/MAHASISWA','NI NYOMAN MALINI','NGAKAN MADE SUKADA',51,4,3,2011,'BALI','GIANYAR','GIANYAR','SUWAT'),('5104031808720005','I DEWA KETUT ALIT DHARMAWAN',1,'GIANYAR','1972-08-18 00:00:00',4,'4',2,1,1,'',8,88,'','DESAK MADE SARI','','I DEWA MADE KELEPIS','5104032608100011',51,4,3,2017,'5104031808720005','5104032608100011','I DEWA KETUT ALIT DHARMAWAN','LAKI-LAKI','GIANYAR','1972-08-18 00:00:00',1,6,'WIRASWASTA','DESAK MADE SARI','I DEWA MADE KELEPIS',51,4,3,2017,'BALI','GIANYAR','GIANYAR','TEGAL TUGU'),('5104024404890001','SANG AYU NYOMAN APRIANI',2,'GIANYAR','1989-04-04 00:00:00',13,'4',2,3,1,'',5,88,'','SANG AYU PUTU SEKAR','','NGAKAN PUTU MERTA','5104060712150002',51,4,6,2002,'5104024404890001','5104060712150002','SANG AYU NYOMAN APRIANI','PEREMPUAN','GIANYAR','1989-04-04 00:00:00',3,5,'WIRASWASTA','SANG AYU PUTU SEKAR','NGAKAN PUTU MERTA',51,4,6,2002,'BALI','GIANYAR','TEGALLALANG','TEGALLALANG'),('5104011508910004','I KADEK ARIAWAN',1,'KETEWEL','1991-08-15 00:00:00',13,'4',2,4,NULL,'',5,15,'5104016305710003','NI NYOMAN RUMI','5104013112660191','I WAYAN SARYA','5104012509080008',51,4,1,2002,'5104011508910004','5104012509080008','I KADEK ARIAWAN','LAKI-LAKI','KETEWEL','1991-08-15 00:00:00',4,5,'KARYAWAN SWASTA','NI NYOMAN RUMI','I WAYAN SARYA',51,4,1,2002,'BALI','GIANYAR','SUKAWATI','KETEWEL'),('5171016007880005','SITI ZUBAIDAH',2,'DENPASAR','1988-07-20 00:00:00',4,'4',2,5,1,'',5,15,'','NYM PASRTINI','','SAPARI','5104041505090028',51,4,4,2006,'5171016007880005','5104041505090028','SITI ZUBAIDAH','PEREMPUAN','DENPASAR','1988-07-20 00:00:00',5,5,'KARYAWAN SWASTA','NYM PASRTINI','SAPARI',51,4,4,2006,'BALI','GIANYAR','TAMPAKSIRING','PEJENG KAJA'),('5104016306890001','NI WAYAN SARMINI',2,'KETEWEL','1989-06-23 00:00:00',13,'4',1,4,NULL,'',5,15,'5104016305710003','NI NYOMAN RUMI','5104013112660191','I WAYAN SARYA','5104012509080008',51,4,1,2002,'5104016306890001','5104012509080008','NI WAYAN SARMINI','PEREMPUAN','KETEWEL','1989-06-23 00:00:00',4,5,'KARYAWAN SWASTA','NI NYOMAN RUMI','I WAYAN SARYA',51,4,1,2002,'BALI','GIANYAR','SUKAWATI','KETEWEL'),('5104017112530134','NI MADE LIMBUR',2,'GIANYAR','1953-12-31 00:00:00',13,'4',1,9,NULL,'',2,9,'0','NI KETUT MEDEK','0','I KETUT BONDOL','5104011206090013',51,4,1,2003,'5104017112530134','5104011206090013','NI MADE LIMBUR','PEREMPUAN','GIANYAR','1953-12-31 00:00:00',9,2,'PETANI/PEKEBUN','NI KETUT MEDEK','I KETUT BONDOL',51,4,1,2003,'BALI','GIANYAR','SUKAWATI','GUWANG'),('5104073112750024','I WAYAN LANUS',1,'GIANYAR','1978-03-01 00:00:00',13,'4',2,1,1,'',3,9,'','NI NYOMAN SAPERUG','','I KETUT NGAMBET','5104073003110003',51,4,7,2009,'5104073112750024','5104073003110003','I WAYAN LANUS','LAKI-LAKI','GIANYAR','1978-03-01 00:00:00',1,3,'PETANI/PEKEBUN','NI NYOMAN SAPERUG','I KETUT NGAMBET',51,4,7,2009,'BALI','GIANYAR','PAYANGAN','BRESELA'),('5104040508570001','ANAK AGUNG ANOM SUBUDI',1,'GIANYAR','1957-08-05 00:00:00',13,'4',2,1,NULL,'',5,15,'0','ANAK AGUNG RAI','5104046','ANAK AGUNG GDE GEREDEG','5104041505090028',51,4,4,2006,'5104040508570001','5104041505090028','ANAK AGUNG ANOM SUBUDI','LAKI-LAKI','GIANYAR','1957-08-05 00:00:00',1,5,'KARYAWAN SWASTA','ANAK AGUNG RAI','ANAK AGUNG GDE GEREDEG',51,4,4,2006,'BALI','GIANYAR','TAMPAKSIRING','PEJENG KAJA'),('5104014608710001','NI KETUT MADRI',2,'GIANYAR','1971-08-06 00:00:00',4,'4',2,3,NULL,'',5,15,'0','NI WAYAN ENGKOG','0','I WAYAN SEDIA','5104012304080018',51,4,1,2012,'5104014608710001','5104012304080018','NI KETUT MADRI','PEREMPUAN','GIANYAR','1971-08-06 00:00:00',3,5,'KARYAWAN SWASTA','NI WAYAN ENGKOG','I WAYAN SEDIA',51,4,1,2012,'BALI','GIANYAR','SUKAWATI','BATUAN KALER'),('5104016209020002','NI KOMANG ERNA PRADNYA DEWI',2,'DENPASAR','2002-09-22 00:00:00',13,'4',1,4,1,'',5,3,'5104017112650257','NI NYOMAN SUMADI','5104013112630223','I NYOMAN MULYAWAN','5104011206090013',51,4,1,2003,'5104016209020002','5104011206090013','NI KOMANG ERNA PRADNYA DEWI','PEREMPUAN','DENPASAR','2002-09-22 00:00:00',4,5,'PELAJAR/MAHASISWA','NI NYOMAN SUMADI','I NYOMAN MULYAWAN',51,4,1,2003,'BALI','GIANYAR','SUKAWATI','GUWANG'),('5104031803870001','DEWA GEDE BUDI ADNYANA',1,'GIANYAR','1987-03-18 00:00:00',13,'4',2,4,1,'',5,15,'5104035906630001','DESAK PUTU KASIH','5104032707590001','DEWA MADE SADIA','5104031409090033',51,4,3,1007,'5104031803870001','5104031409090033','DEWA GEDE BUDI ADNYANA','LAKI-LAKI','GIANYAR','1987-03-18 00:00:00',4,5,'KARYAWAN SWASTA','DESAK PUTU KASIH','DEWA MADE SADIA',51,4,3,1007,'BALI','GIANYAR','GIANYAR','BITERA'),('5104055111000003','NI PUTU PURNAMI',2,'GIANYAER','2000-11-11 00:00:00',13,'4',1,4,1,'',3,3,'5104056908740002','NI WAYAN PURI','5104050107730090','I KETUT SUTA','5104051611090123',51,4,5,2007,'5104055111000003','5104051611090123','NI PUTU PURNAMI','PEREMPUAN','GIANYAER','2000-11-11 00:00:00',4,3,'PELAJAR/MAHASISWA','NI WAYAN PURI','I KETUT SUTA',51,4,5,2007,'BALI','GIANYAR','UBUD','PETULU'),('5104046807980003','SANG AYU NYOMAN JULI ANTARI',2,'GIANYAR','1998-07-28 00:00:00',13,'4',1,4,1,'',5,3,'5104047012700004','NI MADE NATARINI','5104041005700003','NGAKAN NYOMAN OKA','5104042606090008',51,4,4,2007,'5104046807980003','5104042606090008','SANG AYU NYOMAN JULI ANTARI','PEREMPUAN','GIANYAR','1998-07-28 00:00:00',4,5,'PELAJAR/MAHASISWA','NI MADE NATARINI','NGAKAN NYOMAN OKA',51,4,4,2007,'BALI','GIANYAR','TAMPAKSIRING','PEJENG KANGIN'),('5104037112460180','NI MADE RANU',2,'GIANYAR','1946-12-31 00:00:00',13,'4',2,7,1,'',3,84,'','NI WAYAN GUDAT','','I WAYAN TINGGAL','5104032610100003',51,4,3,2004,'5104037112460180','5104032610100003','NI MADE RANU','PEREMPUAN','GIANYAR','1946-12-31 00:00:00',7,3,'PEDAGANG','NI WAYAN GUDAT','I WAYAN TINGGAL',51,4,3,2004,'BALI','GIANYAR','GIANYAR','LEBIH'),('5104035503000002','NI KETUT LIDYA INDRIANI',2,'GIANYAR','2000-03-15 00:00:00',13,'4',1,4,1,'',5,15,'5104034601660001','KASPERINA SETITIT','5104030412640001','I KETUT ITA','5104030206090080',51,4,3,2010,'5104035503000002','5104030206090080','NI KETUT LIDYA INDRIANI','PEREMPUAN','GIANYAR','2000-03-15 00:00:00',4,4,'PELAJAR/MAHASISWA','KASPERINA SETITIT','I KETUT ITA',51,4,3,2010,'BALI','GIANYAR','GIANYAR','SIANGAN'),('5104020101700006','I WAYAN RATA',1,'GIANYAR','1970-01-01 00:00:00',13,'4',2,1,NULL,'',5,81,'0','NI WAYAN MUSNI','0','I MADE GINGSIH','5104020206090023',51,4,2,2008,'5104020101700006','5104020206090023','I WAYAN RATA','LAKI-LAKI','GIANYAR','1970-01-01 00:00:00',1,5,'SOPIR','NI WAYAN MUSNI','I MADE GINGSIH',51,4,2,2008,'BALI','GIANYAR','BLAHBATUH','MEDAHAN'),('5104030412640001','I KETUT ITA',1,'GIANYAR','1964-12-04 00:00:00',2,'4',2,1,1,'',7,5,'0','NI MADE DONING','0','I WAYAN LOGOG','5104030206090080',51,4,3,2010,'5104030412640001','5104030206090080','I KETUT ITA','LAKI-LAKI','GIANYAR','1964-12-04 00:00:00',1,5,'PEGAWAI NEGERI SIPIL (PNS)','NI MADE DONING','I WAYAN LOGOG',51,4,3,2010,'BALI','GIANYAR','GIANYAR','SIANGAN'),('5104077112780042','NI MADE JANI',2,'GIANYAR','1978-12-31 00:00:00',13,'4',2,3,NULL,'',3,2,'0','NI MADE SUKRI','0','I NYOMAN DARSI','5104071805090078',51,4,7,2002,'5104077112780042','5104071805090078','NI MADE JANI','PEREMPUAN','GIANYAR','1978-12-31 00:00:00',3,3,'MENGURUS RUMAH TANGGA','NI MADE SUKRI','I NYOMAN DARSI',51,4,7,2002,'BALI','GIANYAR','PAYANGAN','KELUSA'),('5104035807690002','I DEWA AYU ADRINI',2,'SIDAN','1969-07-18 00:00:00',7,'4',2,3,1,'',5,2,'0','DESAK KETUT RAI','0','I DEWA KETUT OKA','5104032502090026',51,4,3,2002,'5104035807690002','5104032502090026','I DEWA AYU ADRINI','PEREMPUAN','SIDAN','1969-07-18 00:00:00',3,5,'MENGURUS RUMAH TANGGA','DESAK KETUT RAI','I DEWA KETUT OKA',51,4,3,2002,'BALI','GIANYAR','GIANYAR','SIDAN'),('5104073012390002','I MADE GOYAL',1,'TENGIPIS','1939-12-30 00:00:00',13,'4',4,7,NULL,'',3,9,'0','NI WAYAN AMPEG','0','I MADE KLIMPENG','5104070608080039',51,4,7,2008,'5104073012390002','5104070608080039','I MADE GOYAL','LAKI-LAKI','TENGIPIS','1939-12-30 00:00:00',7,3,'PETANI/PEKEBUN','NI WAYAN AMPEG','I MADE KLIMPENG',51,4,7,2008,'BALI','GIANYAR','PAYANGAN','BUAHAN KAJA'),('5104066308830001','NI MADE SUPARTINI',2,'PUPUAN','1983-08-23 00:00:00',13,'4',2,5,1,'',7,65,'','NI WAYAN KARNI','','I MADE JUJUL','5104060806090069',51,4,6,2005,'5104066308830001','5104060806090069','NI MADE SUPARTINI','PEREMPUAN','PUPUAN','1983-08-23 00:00:00',5,7,'GURU','NI WAYAN KARNI','I MADE JUJUL',51,4,6,2005,'BALI','GIANYAR','TEGALLALANG','PUPUAN'),('5104010406720001','I MADE BIJA ARDANA',1,'GIANYAR','1972-06-04 00:00:00',4,'4',2,4,NULL,'',8,88,'5104017112520183','NI NENGAH TIRTANINGSIH','5104013112440123','I MADE PEGEG','5104011007080026',51,4,1,2011,'5104010406720001','5104011007080026','I MADE BIJA ARDANA','LAKI-LAKI','GIANYAR','1972-06-04 00:00:00',4,8,'WIRASWASTA','NI NENGAH TIRTANINGSIH','I MADE PEGEG',51,4,1,2011,'BALI','GIANYAR','SUKAWATI','SINGAPADU KALER'),('5104023112520220','I MADE TULUS',1,'GIANYAR','1952-12-31 00:00:00',13,'4',1,9,1,'',3,9,'','NI KETUT RANGIN','','I KETUT KARSA','5104023003090019',51,4,2,2001,'5104023112520220','5104023003090019','I MADE TULUS','LAKI-LAKI','GIANYAR','1952-12-31 15:00:00',9,3,'PETANI/PEKEBUN','NI KETUT RANGIN','I KETUT KARSA',51,4,2,2001,'BALI','GIANYAR','BLAHBATUH','SABA'),('5104044905960005','SANG AYU MADE KURNIARI',2,'GIANYAR','1996-05-09 00:00:00',13,'4',1,4,1,'',5,88,'5104047012700004','NI MADE NATARINI','5104041005700003','NGAKAN NYOMAN OKA','5104042606090008',51,4,4,2007,'5104044905960005','5104042606090008','SANG AYU MADE KURNIARI','PEREMPUAN','GIANYAR','1996-05-09 00:00:00',4,5,'WIRASWASTA','NI MADE NATARINI','NGAKAN NYOMAN OKA',51,4,4,2007,'BALI','GIANYAR','TAMPAKSIRING','PEJENG KANGIN'),('5104010107360042','I WAYAN RENDA',1,'GIANYAR','1936-07-01 00:00:00',4,'4',2,7,NULL,'',3,9,'0','ALMARHUM','0','WAYAN YASA','5104012304080018',51,4,1,2012,'5104010107360042','5104012304080018','I WAYAN RENDA','LAKI-LAKI','GIANYAR','1936-07-01 00:00:00',7,3,'PETANI/PEKEBUN','ALMARHUM','WAYAN YASA',51,4,1,2012,'BALI','GIANYAR','SUKAWATI','BATUAN KALER'),('5104055103920001','NI WAYAN SUMARIYATI',2,'GIANYAR','1992-03-11 00:00:00',2,'4',1,4,NULL,'',5,15,'5104056404690001','NI KADEK SUARMI','5104053112650009','I WAYAN SUPARTHA','5104050608080013',51,4,5,2006,'5104055103920001','5104050608080013','NI WAYAN SUMARIYATI','PEREMPUAN','GIANYAR','1992-03-11 00:00:00',4,5,'KARYAWAN SWASTA','NI KADEK SUARMI','I WAYAN SUPARTHA',51,4,5,2006,'BALI','GIANYAR','UBUD','PELIATAN'),('5104023112500313','I WAYAN SELEM',1,'GIANYAR','1950-12-31 00:00:00',13,'4',1,9,1,'',3,9,'','NI KETUT RANGIN','','I KETUT KARSA','5104023003090019',51,4,2,2001,'5104023112500313','5104023003090019','I WAYAN SELEM','LAKI-LAKI','GIANYAR','1950-12-31 15:00:00',9,3,'PETANI/PEKEBUN','NI KETUT RANGIN','I KETUT KARSA',51,4,2,2001,'BALI','GIANYAR','BLAHBATUH','SABA'),('5104064903980001','NI PUTU AYU NITA ARISUDEWI',2,'DILI','1998-03-09 00:00:00',13,'4',1,4,1,'',8,3,'5104066905770001','NI WAYAN MULYANI','5104061904680001','I NENGAH MERTA','5104060203090003',51,4,6,2006,'5104064903980001','5104060203090003','NI PUTU AYU NITA ARISUDEWI','PEREMPUAN','DILI','1998-03-09 00:00:00',4,4,'PELAJAR/MAHASISWA','NI WAYAN MULYANI','I NENGAH MERTA',51,4,6,2006,'BALI','GIANYAR','TEGALLALANG','SEBATU'),('5104056709970005','DEWA AYU LARAS DEWI',2,'GIANYAR','1997-09-27 00:00:00',13,'4',1,4,1,'',5,15,'5104056003720002','DESAK MADE SUKERNI','5104051206700005','DEWA KETUT PRIADI','5104050401100123',51,4,5,2003,'5104056709970005','5104050401100123','DEWA AYU LARAS DEWI','PEREMPUAN','GIANYAR','1997-09-27 00:00:00',4,4,'PELAJAR/MAHASISWA','DESAK MADE SUKERNI','DEWA KETUT PRIADI',51,4,5,2003,'BALI','GIANYAR','UBUD','SINGAKERTA'),('5104070507720002','I MADE KARTANA',1,'GIANYAR','1972-07-05 00:00:00',2,'4',2,1,1,'',5,15,'','NI WAYAN KERTI','','I NYOMAN LOSOG','5104072911100018',51,4,7,2007,'5104070507720002','5104072911100018','I MADE KARTANA','LAKI-LAKI','GIANYAR','1972-07-05 00:00:00',1,5,'KARYAWAN SWASTA','NI WAYAN KERTI','I NYOMAN LOSOG',51,4,7,2007,'BALI','GIANYAR','PAYANGAN','MELINGGIH KELOD'),('5104076102980003','PUTU PUTRI CITRA DEWI',2,'GIANYAR','1998-02-21 00:00:00',13,'4',1,4,1,'',5,3,'5104075107720001','NI WAYAN SENIATI','5104070507720002','I MADE KARTANA','5104072911100018',51,4,7,2007,'5104076102980003','5104072911100018','PUTU PUTRI CITRA DEWI','PEREMPUAN','GIANYAR','1998-02-21 00:00:00',4,5,'PELAJAR/MAHASISWA','NI WAYAN SENIATI','I MADE KARTANA',51,4,7,2007,'BALI','GIANYAR','PAYANGAN','MELINGGIH KELOD'),('5104077112450148','NI WAYAN SIBUH',2,'GIANYAR','1945-12-31 00:00:00',13,'4',4,7,NULL,'',3,9,'5104074107460050','NI LEGIT','5104073112780034','I SADRA','5104071805090078',51,4,7,2002,'5104077112450148','5104071805090078','NI WAYAN SIBUH','PEREMPUAN','GIANYAR','1945-12-31 00:00:00',7,3,'PETANI/PEKEBUN','NI LEGIT','I SADRA',51,4,7,2002,'BALI','GIANYAR','PAYANGAN','KELUSA'),('5104035312540001','I GST. AG. AYU ALIT',2,'GIANYAR','1954-12-13 00:00:00',4,'4',2,3,1,'',5,5,'0','JRO KEMUDA','0','GUSTI AGUNG MADE MATARAM','5104033107090100',51,4,3,1006,'5104035312540001','5104033107090100','I GST. AG. AYU ALIT','PEREMPUAN','GIANYAR','1954-12-13 00:00:00',3,5,'PEGAWAI NEGERI SIPIL (PNS)','JRO KEMUDA','GUSTI AGUNG MADE MATARAM',51,4,3,1006,'BALI','GIANYAR','GIANYAR','GIANYAR'),('5104031901010001','KADEK WAHYU DARMA YOGA',1,'GIANYAR','2001-01-19 00:00:00',13,'4',1,4,1,'',5,3,'5104035408790003','NI PUTU BUDIASTINI','5104031903730001','I KOMANG MUDITA','5104031405090002',51,4,3,2012,'5104031901010001','5104031405090002','KADEK WAHYU DARMA YOGA','LAKI-LAKI','GIANYAR','2001-01-19 00:00:00',4,5,'PELAJAR/MAHASISWA','NI PUTU BUDIASTINI','I KOMANG MUDITA',51,4,3,2012,'BALI','GIANYAR','GIANYAR','PETAK'),('5104015601890001','NI MADE ERNI MULYANTARI',2,'DENPASAR','1989-01-16 00:00:00',13,'4',2,4,NULL,'',6,15,'5104017112650257','NI NYOMAN SUMADI','5104013112630223','I NYOMAN MULYAWAN','5104011206090013',51,4,1,2003,'5104015601890001','5104011206090013','NI MADE ERNI MULYANTARI','PEREMPUAN','DENPASAR','1989-01-16 00:00:00',4,6,'KARYAWAN SWASTA','NI NYOMAN SUMADI','I NYOMAN MULYAWAN',51,4,1,2003,'BALI','GIANYAR','SUKAWATI','GUWANG'),('5104030505700001','I WAYAN SUDIARTAWAN',1,'GIANYAR','1970-05-05 00:00:00',13,'4',2,1,1,'',5,5,'0','NI WAYAN ARUM','0','I MADE GADUNG','5104030707080004',51,4,3,2016,'5104030505700001','5104030707080004','I WAYAN SUDIARTAWAN','LAKI-LAKI','GIANYAR','1970-05-05 00:00:00',1,5,'PEGAWAI NEGERI SIPIL (PNS)','NI WAYAN ARUM','I MADE GADUNG',51,4,3,2016,'BALI','GIANYAR','GIANYAR','SUMITA'),('5104034607710004','NI NYOMAN MALINI',2,'SELISIHAN','1971-07-06 00:00:00',13,'4',2,3,NULL,'',5,5,'0','NI  WAYAN MENIR','0','I NYOMAN MANDRU','5104031003090027',51,4,3,2011,'5104034607710004','5104031003090027','NI NYOMAN MALINI','PEREMPUAN','SELISIHAN','1971-07-06 00:00:00',3,5,'PEGAWAI NEGERI SIPIL (PNS)','NI  WAYAN MENIR','I NYOMAN MANDRU',51,4,3,2011,'BALI','GIANYAR','GIANYAR','SUWAT'),('5104010707870001','I PUTU SUJANA',1,'DENPASAR','1987-07-07 00:00:00',13,'4',2,1,NULL,'',5,88,'5104016003690003','NI KETUT NURHAYATI','5104010107660080','I MADE WEDA','5104012305120003',51,4,1,2001,'5104010707870001','5104012305120003','I PUTU SUJANA','LAKI-LAKI','DENPASAR','1987-07-07 00:00:00',1,5,'WIRASWASTA','NI KETUT NURHAYATI','I MADE WEDA',51,4,1,2001,'BALI','GIANYAR','SUKAWATI','BATUBULAN'),('5104032705810002','DEWA GEDE BUDI ARTANA',1,'GIANYAR','1981-05-27 00:00:00',13,'4',1,4,1,'',8,15,'5104035906630001','DESAK PUTU KASIH','5104032707590001','DEWA MADE SADIA','5104031409090033',51,4,3,1007,'5104032705810002','5104031409090033','DEWA GEDE BUDI ARTANA','LAKI-LAKI','GIANYAR','1981-05-27 00:00:00',4,8,'KARYAWAN SWASTA','DESAK PUTU KASIH','DEWA MADE SADIA',51,4,3,1007,'BALI','GIANYAR','GIANYAR','BITERA'),('5104042504970002','I PUTU ERIK WIDNYANA PUTRA',1,'TAMPAKSIRING','1997-04-25 00:00:00',13,'4',1,4,1,'',4,3,'5104047112720058','NI MADE MARIANI','5104041202720002','I WAYAN SUWENA','5104040405110004',51,4,4,2003,'5104042504970002','5104040405110004','I PUTU ERIK WIDNYANA PUTRA','LAKI-LAKI','TAMPAKSIRING','1997-04-25 00:00:00',4,4,'PELAJAR/MAHASISWA','NI MADE MARIANI','I WAYAN SUWENA',51,4,4,2003,'BALI','GIANYAR','TAMPAKSIRING','TAMPAKSIRING'),('5104013112630127','ANAK AGUNG GEDE ALIT',1,'GIANYAR','1963-12-31 00:00:00',13,'4',2,1,NULL,'',8,65,'0','ANAK AGUNG ISTRI ANOM','0','ANAK AGUNG KETUT TANGI','5104011806090075',51,4,1,2007,'5104013112630127','5104011806090075','ANAK AGUNG GEDE ALIT','LAKI-LAKI','GIANYAR','1963-12-31 00:00:00',1,8,'GURU','ANAK AGUNG ISTRI ANOM','ANAK AGUNG KETUT TANGI',51,4,1,2007,'BALI','GIANYAR','SUKAWATI','BATUAN'),('5104063112620079','I WAYAN WIDIA',1,'GIANYAR','1962-12-31 00:00:00',13,'4',2,1,NULL,'',3,88,'0','NI WAYAN TUGLEN','0','I WAYAN SOROG','5104060806090069',51,4,6,2005,'5104063112620079','5104060806090069','I WAYAN WIDIA','LAKI-LAKI','GIANYAR','1962-12-31 00:00:00',1,3,'WIRASWASTA','NI WAYAN TUGLEN','I WAYAN SOROG',51,4,6,2005,'BALI','GIANYAR','TEGALLALANG','PUPUAN'),('5104037012560003','NI WAYAN PERASI',2,'GIANYAR','1956-12-30 00:00:00',13,'4',2,3,1,'',3,84,'0','NI WAYAN DAMPEK','0','I WAYAN PAYU (ALM)','5104031905090086',51,4,3,1003,'5104037012560003','5104031905090086','NI WAYAN PERASI','PEREMPUAN','GIANYAR','1956-12-30 00:00:00',3,3,'PEDAGANG','NI WAYAN DAMPEK','I WAYAN PAYU (ALM)',51,4,3,1003,'BALI','GIANYAR','GIANYAR','SAMPLANGAN'),('5104013112570125','I KETUT NAYA',1,'GIANYAR','1957-12-31 00:00:00',4,'4',2,1,1,'',3,88,'','NI MADE SEPET','','I WAYAN TERNA','5104012311090176',51,4,1,2005,'5104013112570125','5104012311090176','I KETUT NAYA','LAKI-LAKI','GIANYAR','1957-12-31 00:00:00',1,3,'WIRASWASTA','NI MADE SEPET','I WAYAN TERNA',51,4,1,2005,'BALI','GIANYAR','SUKAWATI','CELUK'),('5104015212710001','NI KETUT BAKTI',2,'GIANYAR','1971-12-12 00:00:00',4,'4',1,9,NULL,'',5,84,'0','NI MADE GATI','0','I WAYAN RENDA','5104012304080018',51,4,1,2012,'5104015212710001','5104012304080018','NI KETUT BAKTI','PEREMPUAN','GIANYAR','1971-12-12 00:00:00',9,5,'PEDAGANG','NI MADE GATI','I WAYAN RENDA',51,4,1,2012,'BALI','GIANYAR','SUKAWATI','BATUAN KALER'),('5104017112520183','NI NENGAH TIRTANINGSIH',2,'GIANYAR','1952-12-31 00:00:00',4,'4',2,3,NULL,'',4,84,'0','NI  KETUT MEBET','0','I WAYAN KUNO','5104011007080026',51,4,1,2011,'5104017112520183','5104011007080026','NI NENGAH TIRTANINGSIH','PEREMPUAN','GIANYAR','1952-12-31 00:00:00',3,4,'PEDAGANG','NI  KETUT MEBET','I WAYAN KUNO',51,4,1,2011,'BALI','GIANYAR','SUKAWATI','SINGAPADU KALER'),('5104034104770003','I GUSTI AGUNG AYU PUTU SASRANI',2,'GIANYAR','1977-04-01 00:00:00',13,'4',2,5,1,'',8,5,'0','NI MADE SUWESTRI','0','I GUSTI AGUNG MADE SUAMBA','5104033107090100',51,4,3,1006,'5104034104770003','5104033107090100','I GUSTI AGUNG AYU PUTU SASRANI','PEREMPUAN','GIANYAR','1977-04-01 00:00:00',5,8,'PEGAWAI NEGERI SIPIL (PNS)','NI MADE SUWESTRI','I GUSTI AGUNG MADE SUAMBA',51,4,3,1006,'BALI','GIANYAR','GIANYAR','GIANYAR'),('5104035408790003','NI PUTU BUDIASTINI',2,'GIANYAR','1979-08-14 00:00:00',13,'4',2,3,NULL,'',5,30,'0','NI KETUT ARNI','5104031903730001','I WAYAN SESEN','5104031405090002',51,4,3,2012,'5104035408790003','5104031405090002','NI PUTU BUDIASTINI','PEREMPUAN','GIANYAR','1979-08-14 00:00:00',3,5,'TUKANG JAHIT','NI KETUT ARNI','I WAYAN SESEN',51,4,3,2012,'BALI','GIANYAR','GIANYAR','PETAK'),('5104072006730001','I WAYAN DUIANTARA',1,'BR. JAANG','1973-06-20 00:00:00',13,'4',2,1,NULL,'',5,19,'0','NI WAYAN KANIS (ALM)','0','I MADE KEPIR (ALM)','5104072506090001',51,4,7,2005,'5104072006730001','5104072506090001','I WAYAN DUIANTARA','LAKI-LAKI','BR. JAANG','1973-06-20 00:00:00',1,5,'BURUH HARIAN LEPAS','NI KANIS','I MADE KEPIR',51,4,7,2005,'BALI','GIANYAR','PAYANGAN','BUAHAN'),('5104012010680001','I NYOMAN ORBA',1,'GIANYAR','1968-10-20 00:00:00',4,'4',2,1,NULL,'',5,15,'0','NI MADE GATI','0','I WAYAN RENDA','5104012304080018',51,4,1,2012,'5104012010680001','5104012304080018','I NYOMAN ORBA','LAKI-LAKI','GIANYAR','1968-10-20 00:00:00',1,5,'KARYAWAN SWASTA','NI MADE GATI','I WAYAN RENDA',51,4,1,2012,'BALI','GIANYAR','SUKAWATI','BATUAN KALER'),('5104017004780006','NI KETUT SUKERTI',2,'BADUNG','1978-04-30 00:00:00',4,'4',2,5,NULL,'',4,84,'0','NI KETUT PUNGLU','0','NENGAH GAMPIL','5104011007080026',51,4,1,2011,'5104017004780006','5104011007080026','NI KETUT SUKERTI','PEREMPUAN','BADUNG','1978-04-30 00:00:00',5,4,'PEDAGANG','NI KETUT PUNGLU','NENGAH GAMPIL',51,4,1,2011,'BALI','GIANYAR','SUKAWATI','SINGAPADU KALER'),('5104015408750004','NI WAYAN REMASIH',2,'GIANYAR','1975-08-14 00:00:00',2,'4',2,3,1,'',4,30,'','NI WAYAN SEMBROG','','I NYOMAN TANGGU','5104050404160001',51,4,5,2001,'5104015408750004','5104050404160001','NI WAYAN REMASIH','PEREMPUAN','GIANYAR','1975-08-14 00:00:00',3,4,'TUKANG JAHIT','NI WAYAN SEMBROG','I NYOMAN TANGGU',51,4,5,2001,'BALI','GIANYAR','UBUD','LODTUNDUH'),('5104067112640055','NI NYOMAN SAJA',2,'GIANYAR','1964-12-31 00:00:00',13,'4',2,3,NULL,'',3,9,'0','NI WAYAN KENU','0','I MADE TETEG','5104060806090069',51,4,6,2005,'5104067112640055','5104060806090069','NI NYOMAN SAJA','PEREMPUAN','GIANYAR','1964-12-31 00:00:00',3,3,'PETANI/PEKEBUN','NI WAYAN KENU','I MADE TETEG',51,4,6,2005,'BALI','GIANYAR','TEGALLALANG','PUPUAN'),('5104067112570067','GUSTI LUH OKA RUNTING',2,'GIANYAR','1957-12-31 00:00:00',13,'4',2,3,NULL,'',3,9,'0','GUSTI AYU METRI','0','GUSTI NGURAH JERENG','5104062707090045',51,4,6,2001,'5104067112570067','5104062707090045','GUSTI LUH OKA RUNTING','PEREMPUAN','GIANYAR','1957-12-31 00:00:00',3,3,'PETANI/PEKEBUN','GUSTI AYU METRI','GUSTI NGURAH JERENG',51,4,6,2001,'BALI','GIANYAR','TEGALLALANG','KELIKI'),('5104056712570001','LUH GIRI SWATI',2,'BULELENG','1957-12-27 00:00:00',4,'4',4,7,NULL,'',8,5,'0','NI LUH GELGEL','0','I MADE SANGSI','5104051411080002',51,4,5,1005,'5104056712570001','5104051411080002','LUH GIRI SWATI','PEREMPUAN','BULELENG','1957-12-27 00:00:00',7,8,'PEGAWAI NEGERI SIPIL (PNS)','NI LUH GELGEL','I MADE SANGSI',51,4,5,1005,'BALI','GIANYAR','UBUD','UBUD'),('5104070107590011','I MADE RENES',1,'BR. MARAGA TENGAH','1959-07-01 00:00:00',13,'4',2,1,NULL,'',3,9,'0','NI WAYAN JANTEN','0','I WAYAN DEREK','5104070408080008',51,4,7,2006,'5104070107590011','5104070408080008','I MADE RENES','LAKI-LAKI','BR. MARAGA TENGAH','1959-07-01 00:00:00',1,3,'PETANI/PEKEBUN','NI WAYAN JANTEN','I WAYAN DEREK',51,4,7,2006,'BALI','GIANYAR','PAYANGAN','KERTA'),('5104077112470018','ANAK AGUNG ISTRI OKA SUTIARI',2,'GIANYAR','1947-12-31 00:00:00',13,'4',1,9,NULL,'',4,2,'0','ANAK AGUNG ISTRI ANOM (ALM)','0','ANAK AGUNG GEDE OKA (ALM)','5104072704090069',51,4,7,2001,'5104077112470018','5104072704090069','ANAK AGUNG ISTRI OKA SUTIARI','PEREMPUAN','GIANYAR','1947-12-31 00:00:00',9,4,'PEDAGANG','ANAK AGUNG ISTRI ANOM (ALM)','ANAK AGUNG GEDE OKA (ALM)',51,4,7,2001,'BALI','GIANYAR','PAYANGAN','MELINGGIH'),('5104040509960002','I MADE WINARTA',1,'MANUKAYA','1996-09-05 11:11:00',13,'4',2,4,1,'',5,88,'5104046112800003','NI WAYAN PATRI','5104040803750002','I MADE POLIAWAN','5104042104090036',51,4,4,2004,'5104040509960002','5104042104090036','I MADE WINARTA','LAKI-LAKI','MANUKAYA','1996-09-05 11:11:00',4,5,'WIRASWASTA','NI WAYAN PATRI','I MADE POLIAWAN',51,4,4,2004,'BALI','GIANYAR','TAMPAKSIRING','MANUKAYA'),('5104016305730001','SIENNY PUSPA SARI',2,'SINGARAJA','1973-05-23 00:00:00',4,'5',2,3,1,'',5,2,'','NYOMAN SETIAWATI','','KETUT ARNAYA','5104010207120009',51,4,1,2004,'5104016305730001','5104010207120009','SIENNY PUSPA SARI','PEREMPUAN','SINGARAJA','1973-05-23 00:00:00',3,5,'MENGURUS RUMAH TANGGA','NYOMAN SETIAWATI','KETUT ARNAYA',51,4,1,2004,'BALI','GIANYAR','SUKAWATI','SUKAWATI'),('5104051103890001','I WAYAN CANDRA',1,'GIANYAR','1989-03-11 00:00:00',3,'4',2,5,1,'',5,15,'0','NI NYOMAN TINI','5104053112650238','I MADE SUKADANA','5104012304080018',51,4,1,2012,'5104051103890001','5104012304080018','I WAYAN CANDRA','LAKI-LAKI','GIANYAR','1989-03-11 00:00:00',5,5,'KARYAWAN SWASTA','NI NYOMAN TINI','I MADE SUKADANA',51,4,1,2012,'BALI','GIANYAR','SUKAWATI','BATUAN KALER'),('5104024505620002','NI KETUT NARTI',2,'GIANYAR','1962-05-05 00:00:00',2,'4',2,3,NULL,'',3,84,'0','NI KETUT SUTER','0','I WAYAN SERANGAN','5104022407090015',51,4,2,2002,'5104024505620002','5104022407090015','NI KETUT NARTI','PEREMPUAN','GIANYAR','1962-05-05 00:00:00',3,3,'PEDAGANG','NI KETUT SUTER','I WAYAN SERANGAN',51,4,2,2002,'BALI','GIANYAR','BLAHBATUH','PERING'),('5104077112970002','NI WAYAN KARIANI',2,'GIANYAR','1997-12-31 00:00:00',4,'4',2,3,1,'',4,2,'5104077112730031','NI MADE WARSI','5104070902730001','I WAYAN SUBAGIA','5104050206170001',51,4,5,2004,'5104077112970002','5104050206170001','NI WAYAN KARIANI','PEREMPUAN','GIANYAR','1997-12-31 00:00:00',3,4,'MENGURUS RUMAH TANGGA','NI MADE WARSI','I WAYAN SUBAGIA',51,4,5,2004,'BALI','GIANYAR','UBUD','KEDEWATAN'),('5104037112520244','NI KETUT SITA',2,'DENPASAR','1952-12-31 00:00:00',13,'4',2,7,1,'',3,19,'','NI KETUT CATRA','','I NYOMAN LOKA','5104032502090026',51,4,3,2002,'5104037112520244','5104032502090026','NI KETUT SITA','PEREMPUAN','DENPASAR','1952-12-31 00:00:00',7,3,'BURUH HARIAN LEPAS','NI KETUT CATRA','I NYOMAN LOKA',51,4,3,2002,'BALI','GIANYAR','GIANYAR','SIDAN'),('5104010308870001','ANAK AGUNG GEDE AGUNG KUSUMA YUDHA',1,'GIANYAR','1987-08-03 00:00:00',13,'4',2,4,1,'',8,65,'5104017112640096','ANAK AGUNG ISTRI RAI TRISNAYANTI','5104013112630127','ANAK AGUNG GEDE ALIT','5104011806090075',51,4,1,2007,'5104010308870001','5104011806090075','ANAK AGUNG GEDE AGUNG KUSUMA YUDHA','LAKI-LAKI','GIANYAR','1987-08-03 00:00:00',4,8,'GURU','ANAK AGUNG ISTRI RAI TRISNAYANTI','ANAK AGUNG GEDE ALIT',51,4,1,2007,'BALI','GIANYAR','SUKAWATI','BATUAN'),('5104017112650257','NI NYOMAN SUMADI',2,'GIANYAR','1965-12-31 00:00:00',13,'4',4,1,NULL,'',3,2,'0','NI NYOMAN DUNUNG','0','I WAYAN CETEG','5104011206090013',51,4,1,2003,'5104017112650257','5104011206090013','NI NYOMAN SUMADI','PEREMPUAN','GIANYAR','1965-12-31 00:00:00',3,3,'BURUH HARIAN LEPAS','NI NYOMAN DUNUNG','I WAYAN CETEG',51,4,1,2003,'BALI','GIANYAR','SUKAWATI','GUWANG'),('5104027012670014','NI WAYAN RAPUG',2,'GIANYAR','1967-12-30 00:00:00',13,'4',2,3,1,'',3,19,'0','NI ROTI','0','I RANGEN','5104021911090014',51,4,2,2003,'5104027012670014','5104021911090014','NI WAYAN RAPUG','PEREMPUAN','GIANYAR','1967-12-30 00:00:00',3,3,'BURUH HARIAN LEPAS','NI ROTI','I RANGEN',51,4,2,2003,'BALI','GIANYAR','BLAHBATUH','KERAMAS'),('5104074506700001','NI NYOMAN UBI',2,'TENGIPIS','1970-06-05 00:00:00',13,'4',2,3,1,'',3,9,'0','NI WAYAN KUNTING','0','I MADE JONGKOK','5104070608080039',51,4,7,2008,'5104074506700001','5104070608080039','NI NYOMAN UBI','PEREMPUAN','TENGIPIS','1970-06-05 00:00:00',3,3,'PETANI/PEKEBUN','NI WAYAN KUNTING','I MADE JONGKOK',51,4,7,2008,'BALI','GIANYAR','PAYANGAN','BUAHAN KAJA'),('5104075304910003','NI MADE WANGI',2,'BR. TENGIPIS','1995-04-13 09:30:00',13,'4',1,4,1,'',5,3,'5104074506700001','NI NYOMAN UBI','5104070608670001','I MADE ARSANAYASA','5104070608080039',51,4,7,2008,'5104075304910003','5104070608080039','NI MADE WANGI','PEREMPUAN','BR. TENGIPIS','1995-04-13 00:00:00',4,5,'PELAJAR/MAHASISWA','NI NYOMAN UBI','I MADE ARSANAYASA',51,4,7,2008,'BALI','GIANYAR','PAYANGAN','BUAHAN KAJA'),('5104041005700003','NGAKAN NYOMAN OKA',1,'GIANYAR','1970-05-10 00:00:00',13,'4',2,1,NULL,'',5,88,'0','SANG AYU RAI','5104046','NGAKAN NYOMAN SELAT','5104042606090008',51,4,4,2007,'5104041005700003','5104042606090008','NGAKAN NYOMAN OKA','LAKI-LAKI','GIANYAR','1970-05-10 00:00:00',1,5,'WIRASWASTA','SANG AYU RAI','NGAKAN NYOMAN SELAT',51,4,4,2007,'BALI','GIANYAR','TAMPAKSIRING','PEJENG KANGIN'),('5104061806820003','I WAYAN WIDIA ASRAMA',1,'BR. DLODBLUNGBANG','1982-06-18 00:00:00',13,'4',2,1,NULL,'',5,88,'0','NI KETUT MUSI','0','I MADE BAWAK','5104061305080020',51,4,6,2003,'5104061806820003','5104061305080020','I WAYAN WIDIA ASRAMA','LAKI-LAKI','BR. DLODBLUNGBANG','1982-06-18 00:00:00',1,5,'WIRASWASTA','NI KETUT MUSI','I MADE BAWAK',51,4,6,2003,'BALI','GIANYAR','TEGALLALANG','KENDERAN'),('5104014102770003',' WINARMI',2,'BANYUWANGI','1977-02-01 00:00:00',13,'4',4,1,NULL,'',4,15,'0','KASENI','0','SUWADI','5104010804090066',51,4,1,2008,'5104014102770003','5104010804090066','WINARMI','PEREMPUAN','BANYUWANGI','1977-02-01 00:00:00',1,4,'KARYAWAN SWASTA','KASENI','SUWADI',51,4,1,2008,'BALI','GIANYAR','SUKAWATI','KEMENUH'),('5104063112550105','GUSTI PUTU GIRI',1,'GIANYAR','1955-12-31 00:00:00',13,'4',2,1,NULL,'',3,9,'0','GUSTI AYU SRIMBI','0','GUSTI NGURAH RAKA GIRI','5104062707090045',51,4,6,2001,'5104063112550105','5104062707090045','GUSTI PUTU GIRI','LAKI-LAKI','GIANYAR','1955-12-31 00:00:00',1,3,'PETANI/PEKEBUN','GUSTI AYU SRIMBI','GUSTI NGURAH RAKA GIRI',51,4,6,2001,'BALI','GIANYAR','TEGALLALANG','KELIKI');

/*Table structure for table `ref_agama` */

DROP TABLE IF EXISTS `ref_agama`;

CREATE TABLE `ref_agama` (
  `id` int(11) NOT NULL,
  `agama` varchar(255) DEFAULT NULL,
  PRIMARY KEY (`id`)
) ENGINE=MyISAM DEFAULT CHARSET=latin1;

/*Data for the table `ref_agama` */

insert  into `ref_agama`(`id`,`agama`) values (1,'Islam'),(2,'Kristen'),(3,'Katholik'),(4,'Hindu'),(5,'Budha'),(6,'Kong Hucu'),(7,'Kepercayaan Terhadap Tuhan Yang Maha Esa');

/*Table structure for table `ref_akta_cerai` */

DROP TABLE IF EXISTS `ref_akta_cerai`;

CREATE TABLE `ref_akta_cerai` (
  `id` int(11) NOT NULL AUTO_INCREMENT,
  `akta_cerai` varchar(255) DEFAULT NULL,
  PRIMARY KEY (`id`)
) ENGINE=InnoDB AUTO_INCREMENT=3 DEFAULT CHARSET=latin1;

/*Data for the table `ref_akta_cerai` */

insert  into `ref_akta_cerai`(`id`,`akta_cerai`) values (1,'Tidak Ada'),(2,'Ada');

/*Table structure for table `ref_akta_lahir` */

DROP TABLE IF EXISTS `ref_akta_lahir`;

CREATE TABLE `ref_akta_lahir` (
  `id` int(11) NOT NULL AUTO_INCREMENT,
  `akta_lahir` varchar(255) DEFAULT NULL,
  PRIMARY KEY (`id`)
) ENGINE=InnoDB AUTO_INCREMENT=3 DEFAULT CHARSET=latin1;

/*Data for the table `ref_akta_lahir` */

insert  into `ref_akta_lahir`(`id`,`akta_lahir`) values (1,'Tidak Ada'),(2,'Ada');

/*Table structure for table `ref_akta_perkawinan` */

DROP TABLE IF EXISTS `ref_akta_perkawinan`;

CREATE TABLE `ref_akta_perkawinan` (
  `id` int(11) NOT NULL AUTO_INCREMENT,
  `akta_perkawinan` varchar(255) DEFAULT NULL,
  PRIMARY KEY (`id`)
) ENGINE=InnoDB AUTO_INCREMENT=3 DEFAULT CHARSET=latin1;

/*Data for the table `ref_akta_perkawinan` */

insert  into `ref_akta_perkawinan`(`id`,`akta_perkawinan`) values (1,'Tidak Ada'),(2,'Ada');

/*Table structure for table `ref_cacat` */

DROP TABLE IF EXISTS `ref_cacat`;

CREATE TABLE `ref_cacat` (
  `id` int(11) NOT NULL,
  `cacat` varchar(255) DEFAULT NULL,
  PRIMARY KEY (`id`)
) ENGINE=MyISAM DEFAULT CHARSET=latin1;

/*Data for the table `ref_cacat` */

insert  into `ref_cacat`(`id`,`cacat`) values (1,'Cacat  Fisik'),(2,'Cacat Netra atau Buta'),(3,'Cacat Rungu atau Wicara'),(4,'Cacat Mental atau Jiwa'),(5,'Cacat FIsik dan Mental'),(6,'Cacat Lainnya'),(0,'Tidak Ada');

/*Table structure for table `ref_gelar` */

DROP TABLE IF EXISTS `ref_gelar`;

CREATE TABLE `ref_gelar` (
  `id` int(11) NOT NULL AUTO_INCREMENT,
  `gelar` varchar(255) DEFAULT NULL,
  PRIMARY KEY (`id`)
) ENGINE=InnoDB AUTO_INCREMENT=4 DEFAULT CHARSET=latin1;

/*Data for the table `ref_gelar` */

insert  into `ref_gelar`(`id`,`gelar`) values (1,'Gelar 1'),(2,'Gelar 2'),(3,'Gelar 3');

/*Table structure for table `ref_goldar` */

DROP TABLE IF EXISTS `ref_goldar`;

CREATE TABLE `ref_goldar` (
  `id` int(11) NOT NULL,
  `goldar` varchar(255) DEFAULT NULL,
  PRIMARY KEY (`id`)
) ENGINE=MyISAM DEFAULT CHARSET=latin1;

/*Data for the table `ref_goldar` */

insert  into `ref_goldar`(`id`,`goldar`) values (1,'A'),(2,'B'),(3,'AB'),(4,'O'),(5,'A Positif'),(6,'A Negatif'),(7,'B Positif'),(8,'B Negatif'),(9,'AB Positif'),(10,'AB Negatif'),(11,'O Positif'),(12,'O Negatif'),(13,'Tidak Tahu');

/*Table structure for table `ref_hubkel` */

DROP TABLE IF EXISTS `ref_hubkel`;

CREATE TABLE `ref_hubkel` (
  `id` int(11) NOT NULL,
  `hkkel` varchar(255) DEFAULT NULL,
  PRIMARY KEY (`id`)
) ENGINE=MyISAM DEFAULT CHARSET=latin1;

/*Data for the table `ref_hubkel` */

insert  into `ref_hubkel`(`id`,`hkkel`) values (1,'Kepala Keluarga'),(2,'Suami'),(3,'Istri'),(4,'Anak'),(5,'Menantu'),(6,'Cucu'),(7,'Orang Tua'),(8,'Mertua'),(9,'Famili Lain'),(10,'Pembantu'),(11,'Lainnya');

/*Table structure for table `ref_kawin` */

DROP TABLE IF EXISTS `ref_kawin`;

CREATE TABLE `ref_kawin` (
  `id` int(11) NOT NULL,
  `kawin` varchar(255) DEFAULT NULL,
  PRIMARY KEY (`id`)
) ENGINE=MyISAM DEFAULT CHARSET=latin1;

/*Data for the table `ref_kawin` */

insert  into `ref_kawin`(`id`,`kawin`) values (1,'Belum Kawin'),(2,'Kawin'),(3,'Cerai Hidup'),(4,'Cerai Mati');

/*Table structure for table `ref_kelainan` */

DROP TABLE IF EXISTS `ref_kelainan`;

CREATE TABLE `ref_kelainan` (
  `id` int(11) NOT NULL,
  `kelainan` varchar(255) DEFAULT NULL,
  PRIMARY KEY (`id`)
) ENGINE=MyISAM DEFAULT CHARSET=latin1;

/*Data for the table `ref_kelainan` */

insert  into `ref_kelainan`(`id`,`kelainan`) values (1,'Tidak Ada'),(2,'Ada');

/*Table structure for table `ref_kelamin` */

DROP TABLE IF EXISTS `ref_kelamin`;

CREATE TABLE `ref_kelamin` (
  `id` int(11) NOT NULL,
  `kelamin` varchar(255) DEFAULT NULL,
  PRIMARY KEY (`id`)
) ENGINE=MyISAM DEFAULT CHARSET=latin1;

/*Data for the table `ref_kelamin` */

insert  into `ref_kelamin`(`id`,`kelamin`) values (1,'Laki-laki'),(2,'Perempuan');

/*Table structure for table `ref_pekerjaan` */

DROP TABLE IF EXISTS `ref_pekerjaan`;

CREATE TABLE `ref_pekerjaan` (
  `id` int(11) NOT NULL,
  `pekerjaan` varchar(255) DEFAULT NULL,
  PRIMARY KEY (`id`)
) ENGINE=MyISAM DEFAULT CHARSET=latin1;

/*Data for the table `ref_pekerjaan` */

insert  into `ref_pekerjaan`(`id`,`pekerjaan`) values (1,'Belum atau Tidak Bekerja'),(2,'Mengurus Rumah Tangga'),(3,'Pelajar atau Mahasiswa'),(4,'Pensiunan'),(5,'Pegawai Negeri Sipil (PNS)'),(6,'Tentara Nasional Indonesia (TNI)'),(7,'Kepolisian RI (POLRI)'),(8,'Perdagangan'),(9,'Petani atau Pekebun'),(10,'Peternak'),(11,'Nelayan atau Perikanan'),(12,'Industri'),(13,'Konstruksi'),(14,'Transportasi'),(15,'Karyawan Swasta'),(16,'Karyawan BUMN'),(17,'Karyawan BUMD'),(18,'Karyawan Honor'),(19,'Buruh Harian Lepas'),(20,'Buruh Tani atau Perkebunan'),(21,'Buruh Nelayan atau Perikanan'),(22,'Buruh Peternakan'),(23,'Pembantu Rumah Tangga'),(24,'Tukang Cukur'),(25,'Tukang Listrik '),(26,'Tukang Batu'),(27,'Tukang Kayu'),(28,'Tukang Sol Sepatu'),(29,'Tukang Las atau Pandai Besi'),(30,'Tukang Jahit'),(31,'Tukang Gigi'),(32,'Penata Rias'),(33,'Penata Busana'),(34,'Penata Rambut'),(35,'Mekanik'),(36,'Seniman'),(37,'Tabib'),(38,'Paraji'),(39,'Perancang Busana'),(40,'Penterjemah'),(41,'Imam Masjid'),(42,'Pendeta'),(43,'Pastor'),(44,'Wartawan'),(45,'Uztad atau Mubaligh'),(46,'Juru Masak'),(47,'Promotor Acara'),(48,'Anggota DPR RI'),(49,'Anggota DPD'),(50,'Anggota BPK'),(51,'Presiden'),(52,'Wakil Presiden'),(53,'Anggota Mahkamah Konstitusi'),(54,'Anggota Kabinet atau Kementerian'),(55,'Duta Besar'),(56,'Gubernur'),(57,'Wakil Gubernur'),(58,'Bupati'),(59,'Wakil Bupati'),(60,'Walikota'),(61,'Wakil Walikota'),(62,'Anggota DPRD Provinsi'),(63,'Anggota DPRD Kabupaten atau Kota'),(64,'Dosen'),(65,'Guru'),(66,'Pilot'),(67,'Pengacara'),(68,'Notaris'),(69,'Arsitek'),(70,'Akuntan'),(71,'Konsultan'),(72,'Dokter'),(73,'Bidan'),(74,'Perawat'),(75,'Apoteker'),(76,'Psikiater atau Psikolog'),(77,'Penyiar Tekevisi'),(78,'Penyiar Radio'),(79,'Pelaut'),(80,'Peneliti'),(81,'Sopir'),(82,'Pialang'),(83,'Paranormal'),(84,'Pedagang'),(85,'Perangkat Desa'),(86,'Kepala Desa'),(87,'Biarawati'),(88,'Wiraswasta'),(89,'Lainnya');

/*Table structure for table `ref_pendidikan` */

DROP TABLE IF EXISTS `ref_pendidikan`;

CREATE TABLE `ref_pendidikan` (
  `id` int(11) NOT NULL,
  `pendidikan` varchar(255) DEFAULT NULL,
  PRIMARY KEY (`id`)
) ENGINE=MyISAM DEFAULT CHARSET=latin1;

/*Data for the table `ref_pendidikan` */

insert  into `ref_pendidikan`(`id`,`pendidikan`) values (0,NULL),(1,'Tidak atau Belum Sekolah'),(2,'Belum Tamat SD atau Sederajat'),(3,'Tamat SD atau Sederajat'),(4,'SLTP atau Sederajat'),(5,'SLTA atau Sederajat'),(6,'Diploma I atau II'),(7,'Akademi atau Diploma III atau Sarjana Muda'),(8,'Diploma IV atau Strata I'),(9,'Strata II'),(10,'Strata III');

/*Table structure for table `ref_wilayah` */

DROP TABLE IF EXISTS `ref_wilayah`;

CREATE TABLE `ref_wilayah` (
  `KODE` varchar(255) DEFAULT NULL,
  `NO_PROP` int(255) DEFAULT NULL,
  `NAMA_PROP` varchar(255) DEFAULT NULL,
  `NO_KAB` int(255) DEFAULT NULL,
  `NAMA_KAB` varchar(255) DEFAULT NULL,
  `NO_KEC` int(255) DEFAULT NULL,
  `NAMA_KEC` varchar(255) DEFAULT NULL,
  `NO_KEL` int(255) DEFAULT NULL,
  `NAMA_KEL` varchar(255) DEFAULT NULL
) ENGINE=MyISAM DEFAULT CHARSET=latin1;

/*Data for the table `ref_wilayah` */

insert  into `ref_wilayah`(`KODE`,`NO_PROP`,`NAMA_PROP`,`NO_KAB`,`NAMA_KAB`,`NO_KEC`,`NAMA_KEC`,`NO_KEL`,`NAMA_KEL`) values ('51.04.01.2008',51,'BALI',4,'KAB. GIANYAR',1,'SUKAWATI',2008,'KEMENUH'),('51.04.02.2008',51,'BALI',4,'KAB. GIANYAR',2,'BLAHBATUH',2008,'MEDAHAN'),('51.04.03.2011',51,'BALI',4,'KAB. GIANYAR',3,'GIANYAR',2011,'SUWAT'),('51.04.04.2006',51,'BALI',4,'KAB. GIANYAR',4,'TAMPAKSIRING',2006,'PEJENG KAJA'),('51.04.06.2002',51,'BALI',4,'KAB. GIANYAR',6,'TEGALLALANG',2002,'TEGALLALANG'),('51.04.07.2007',51,'BALI',4,'KAB. GIANYAR',7,'PAYANGAN',2007,'MELINGGIH KELOD'),('51.04.01.2009',51,'BALI',4,'KAB. GIANYAR',1,'SUKAWATI',2009,'BATUBULAN KANGIN'),('51.04.02.2009',51,'BALI',4,'KAB. GIANYAR',2,'BLAHBATUH',2009,'BONA'),('51.04.03.2012',51,'BALI',4,'KAB. GIANYAR',3,'GIANYAR',2012,'PETAK'),('51.04.04.2007',51,'BALI',4,'KAB. GIANYAR',4,'TAMPAKSIRING',2007,'PEJENG KANGIN'),('51.04.06.2003',51,'BALI',4,'KAB. GIANYAR',6,'TEGALLALANG',2003,'KENDERAN'),('51.04.07.2008',51,'BALI',4,'KAB. GIANYAR',7,'PAYANGAN',2008,'BUAHAN KAJA'),('51.04.01.2012',51,'BALI',4,'KAB. GIANYAR',1,'SUKAWATI',2012,'BATUAN KALER'),('51.04.03.1006',51,'BALI',4,'KAB. GIANYAR',3,'GIANYAR',1006,'GIANYAR'),('51.04.03.2015',51,'BALI',4,'KAB. GIANYAR',3,'GIANYAR',2015,'TEMESI'),('51.04.05.2001',51,'BALI',4,'KAB. GIANYAR',5,'UBUD',2001,'LODTUNDUH'),('51.04.06.2006',51,'BALI',4,'KAB. GIANYAR',6,'TEGALLALANG',2006,'SEBATU'),('51.04.01.2011',51,'BALI',4,'KAB. GIANYAR',1,'SUKAWATI',2011,'SINGAPADU KALER'),('51.04.03.1005',51,'BALI',4,'KAB. GIANYAR',3,'GIANYAR',1005,'ABIANBASE'),('51.04.03.2014',51,'BALI',4,'KAB. GIANYAR',3,'GIANYAR',2014,'PETAK KAJA'),('51.04.05.1005',51,'BALI',4,'KAB. GIANYAR',5,'UBUD',1005,'UBUD'),('51.04.06.2005',51,'BALI',4,'KAB. GIANYAR',6,'TEGALLALANG',2005,'PUPUAN'),('51.04.01.2001',51,'BALI',4,'KAB. GIANYAR',1,'SUKAWATI',2001,'BATUBULAN'),('51.04.02.2001',51,'BALI',4,'KAB. GIANYAR',2,'BLAHBATUH',2001,'SABA'),('51.04.03.1007',51,'BALI',4,'KAB. GIANYAR',3,'GIANYAR',1007,'BITERA'),('51.04.03.2016',51,'BALI',4,'KAB. GIANYAR',3,'GIANYAR',2016,'SUMITA'),('51.04.05.2002',51,'BALI',4,'KAB. GIANYAR',5,'UBUD',2002,'MAS'),('51.04.06.2007',51,'BALI',4,'KAB. GIANYAR',6,'TEGALLALANG',2007,'TARO'),('51.04.01.2007',51,'BALI',4,'KAB. GIANYAR',1,'SUKAWATI',2007,'BATUAN'),('51.04.02.2007',51,'BALI',4,'KAB. GIANYAR',2,'BLAHBATUH',2007,'BEDULU'),('51.04.03.2010',51,'BALI',4,'KAB. GIANYAR',3,'GIANYAR',2010,'SIANGAN'),('51.04.04.2005',51,'BALI',4,'KAB. GIANYAR',4,'TAMPAKSIRING',2005,'PEJENG KAWAN'),('51.04.06.2001',51,'BALI',4,'KAB. GIANYAR',6,'TEGALLALANG',2001,'KELIKI'),('51.04.07.2006',51,'BALI',4,'KAB. GIANYAR',7,'PAYANGAN',2006,'KERTA'),('51.04.01.2002',51,'BALI',4,'KAB. GIANYAR',1,'SUKAWATI',2002,'KETEWEL'),('51.04.02.2002',51,'BALI',4,'KAB. GIANYAR',2,'BLAHBATUH',2002,'PERING'),('51.04.03.1008',51,'BALI',4,'KAB. GIANYAR',3,'GIANYAR',1008,'BENG'),('51.04.03.2017',51,'BALI',4,'KAB. GIANYAR',3,'GIANYAR',2017,'TEGAL TUGU'),('51.04.05.2003',51,'BALI',4,'KAB. GIANYAR',5,'UBUD',2003,'SINGAKERTA'),('51.04.07.2001',51,'BALI',4,'KAB. GIANYAR',7,'PAYANGAN',2001,'MELINGGIH'),('51.04.01.2003',51,'BALI',4,'KAB. GIANYAR',1,'SUKAWATI',2003,'GUWANG'),('51.04.02.2003',51,'BALI',4,'KAB. GIANYAR',2,'BLAHBATUH',2003,'KERAMAS'),('51.04.03.2001',51,'BALI',4,'KAB. GIANYAR',3,'GIANYAR',2001,'TULIKUP'),('51.04.04.2001',51,'BALI',4,'KAB. GIANYAR',4,'TAMPAKSIRING',2001,'PEJENG'),('51.04.05.2004',51,'BALI',4,'KAB. GIANYAR',5,'UBUD',2004,'KEDEWATAN'),('51.04.07.2002',51,'BALI',4,'KAB. GIANYAR',7,'PAYANGAN',2002,'KELUSA'),('51.04.01.2010',51,'BALI',4,'KAB. GIANYAR',1,'SUKAWATI',2010,'SINGAPADU TENGAH'),('51.04.03.1003',51,'BALI',4,'KAB. GIANYAR',3,'GIANYAR',1003,'SAMPLANGAN'),('51.04.03.2013',51,'BALI',4,'KAB. GIANYAR',3,'GIANYAR',2013,'SERONGGA'),('51.04.04.2008',51,'BALI',4,'KAB. GIANYAR',4,'TAMPAKSIRING',2008,'PEJENG KELOD'),('51.04.06.2004',51,'BALI',4,'KAB. GIANYAR',6,'TEGALLALANG',2004,'KEDISAN'),('51.04.07.2009',51,'BALI',4,'KAB. GIANYAR',7,'PAYANGAN',2009,'BRESELA'),('51.04.01.2006',51,'BALI',4,'KAB. GIANYAR',1,'SUKAWATI',2006,'SINGAPADU'),('51.04.02.2006',51,'BALI',4,'KAB. GIANYAR',2,'BLAHBATUH',2006,'BURUAN'),('51.04.03.2009',51,'BALI',4,'KAB. GIANYAR',3,'GIANYAR',2009,'BAKBAKAN'),('51.04.04.2004',51,'BALI',4,'KAB. GIANYAR',4,'TAMPAKSIRING',2004,'MANUKAYA'),('51.04.05.2008',51,'BALI',4,'KAB. GIANYAR',5,'UBUD',2008,'SAYAN'),('51.04.07.2005',51,'BALI',4,'KAB. GIANYAR',7,'PAYANGAN',2005,'BUAHAN'),('51.04.01.2004',51,'BALI',4,'KAB. GIANYAR',1,'SUKAWATI',2004,'SUKAWATI'),('51.04.02.2004',51,'BALI',4,'KAB. GIANYAR',2,'BLAHBATUH',2004,'BELEGA'),('51.04.03.2002',51,'BALI',4,'KAB. GIANYAR',3,'GIANYAR',2002,'SIDAN'),('51.04.04.2002',51,'BALI',4,'KAB. GIANYAR',4,'TAMPAKSIRING',2002,'SANDING'),('51.04.05.2006',51,'BALI',4,'KAB. GIANYAR',5,'UBUD',2006,'PELIATAN'),('51.04.07.2003',51,'BALI',4,'KAB. GIANYAR',7,'PAYANGAN',2003,'BUKIAN'),('51.04.01.2005',51,'BALI',4,'KAB. GIANYAR',1,'SUKAWATI',2005,'CELUK'),('51.04.02.2005',51,'BALI',4,'KAB. GIANYAR',2,'BLAHBATUH',2005,'BLAHBATUH'),('51.04.03.2004',51,'BALI',4,'KAB. GIANYAR',3,'GIANYAR',2004,'LEBIH'),('51.04.04.2003',51,'BALI',4,'KAB. GIANYAR',4,'TAMPAKSIRING',2003,'TAMPAKSIRING'),('51.04.05.2007',51,'BALI',4,'KAB. GIANYAR',5,'UBUD',2007,'PETULU'),('51.04.07.2004',51,'BALI',4,'KAB. GIANYAR',7,'PAYANGAN',2004,'PUHU');

/*!40101 SET SQL_MODE=@OLD_SQL_MODE */;
/*!40014 SET FOREIGN_KEY_CHECKS=@OLD_FOREIGN_KEY_CHECKS */;
/*!40014 SET UNIQUE_CHECKS=@OLD_UNIQUE_CHECKS */;
/*!40111 SET SQL_NOTES=@OLD_SQL_NOTES */;
